LotArea,OverallQual,OverallCond,ExterQual,ExterCond,Foundation,BsmtQual,BsmtCond,Heating,HeatingQC,CentralAir,Bedrooms,Kitchens,KitchenQual,TotalRooms,Functional,GarageCars,PavedDrive,Fence,MiscFeature,MiscVal,SalePrice
14115,7,5,TA,TA,CBlock,Gd,TA,GasA,TA,True,3,1,TA,6,Typ,2,Y,,,0,187500
9541,7,5,Gd,TA,PConc,Gd,TA,GasA,Ex,True,3,1,Gd,7,Typ,2,Y,,,0,233170
9750,7,6,TA,TA,PConc,Gd,TA,GasA,Ex,True,3,1,Gd,8,Typ,2,Y,,,0,274300
2651,7,5,Gd,TA,PConc,Gd,TA,GasA,Ex,True,3,1,Gd,6,Typ,2,Y,,,0,165000
8125,6,5,TA,TA,PConc,Gd,TA,GasA,Ex,True,3,1,Gd,7,Typ,2,Y,,,0,193500
9375,8,5,Gd,TA,PConc,Ex,TA,GasA,Ex,True,3,1,Gd,9,Typ,2,Y,,,0,250000
6040,4,5,TA,TA,PConc,,,GasA,TA,False,2,2,Fa,6,Typ,0,N,,,0,82000
50271,9,5,Gd,TA,CBlock,Ex,TA,GasA,Gd,True,0,1,Gd,5,Typ,3,Y,,,0,385000
11751,6,6,TA,TA,CBlock,Gd,TA,GasA,Ex,True,3,1,TA,7,Typ,2,Y,MnPrv,,0,190000
13825,5,6,TA,Gd,CBlock,TA,TA,GasA,TA,True,3,1,TA,6,Min2,1,Y,,,0,140000
7340,4,6,TA,TA,CBlock,TA,TA,GasA,TA,True,2,1,TA,4,Typ,1,Y,,,0,110000
11316,7,5,Gd,TA,PConc,Gd,TA,GasA,Ex,True,4,1,Gd,8,Typ,2,Y,,,0,214900
1680,6,5,TA,TA,CBlock,TA,TA,GasA,TA,True,3,1,TA,7,Typ,0,N,,,0,91500
12224,6,5,Gd,TA,PConc,Gd,TA,GasA,Ex,True,3,1,Gd,7,Typ,2,Y,,,0,244000
9250,5,7,TA,TA,CBlock,TA,TA,GasA,TA,True,3,1,TA,6,Typ,1,Y,,,0,139400
10593,7,5,Gd,TA,PConc,Gd,TA,GasA,Ex,True,3,1,Gd,7,Typ,2,Y,,,0,260400
1680,6,7,TA,TA,CBlock,TA,TA,GasA,Gd,True,3,1,TA,7,Typ,1,Y,,,0,118000
10637,8,5,Gd,TA,PConc,Ex,TA,GasA,Ex,True,3,1,Gd,7,Typ,3,Y,,,0,297000
14720,8,5,Gd,TA,PConc,Gd,TA,GasA,Ex,True,4,1,Gd,9,Typ,3,Y,,,0,410000
5232,5,5,TA,TA,BrkTil,Fa,TA,GasA,Gd,False,2,1,TA,4,Typ,2,N,,,0,73000
29959,7,6,Gd,TA,PConc,Gd,TA,GasA,Ex,True,3,1,Gd,7,Typ,2,Y,,,0,248000
2522,6,5,Gd,TA,PConc,Gd,TA,GasA,Ex,True,3,1,Gd,7,Maj1,2,Y,,,0,130000
10930,5,6,TA,TA,CBlock,TA,TA,GasA,TA,True,3,1,TA,6,Typ,1,Y,,,0,140000
14963,8,5,Gd,TA,PConc,Gd,TA,GasA,Ex,True,1,1,Ex,4,Typ,2,Y,,,0,245500
8250,6,7,TA,TA,CBlock,Gd,TA,GasA,Ex,True,3,1,TA,6,Typ,2,Y,MnPrv,,0,145000
9808,7,5,Gd,TA,PConc,Gd,TA,GasA,Ex,True,3,1,Gd,6,Typ,2,Y,,,0,227000
12513,4,4,TA,Gd,BrkTil,TA,Fa,GasA,Gd,True,4,1,TA,7,Typ,1,Y,,,0,104900
11207,6,5,TA,TA,PConc,Gd,TA,GasA,Gd,True,3,1,TA,8,Typ,2,Y,,,0,185000
1953,6,5,TA,TA,CBlock,TA,Fa,GasA,TA,True,2,1,TA,5,Typ,1,Y,,,0,83000
9405,5,9,TA,Ex,CBlock,TA,TA,GasA,Ex,True,2,1,TA,4,Typ,0,Y,,,0,118000
7800,5,7,TA,TA,CBlock,Gd,TA,GasA,TA,True,3,1,TA,5,Typ,2,Y,MnPrv,,0,119900
9297,5,5,TA,TA,CBlock,TA,TA,GasA,TA,True,4,2,TA,8,Typ,2,Y,,,0,188000
10625,7,5,Gd,TA,PConc,Gd,TA,GasA,Ex,True,3,1,Gd,8,Typ,3,Y,,,0,284000
7018,5,5,TA,TA,Slab,,,GasA,TA,True,4,2,TA,8,Typ,2,Y,,,0,118858
11694,9,5,Ex,TA,PConc,Ex,TA,GasA,Ex,True,3,1,Gd,9,Typ,3,Y,,,0,314813
10615,3,5,TA,TA,CBlock,Fa,TA,GasA,TA,True,3,2,TA,7,Typ,2,Y,,,0,95000
11478,8,5,Gd,TA,PConc,Ex,TA,GasA,Ex,True,3,1,Gd,7,Typ,3,Y,,,0,306000
18000,3,4,Fa,TA,CBlock,TA,TA,GasA,TA,True,2,1,TA,6,Typ,3,Y,,Shed,560,81000
2217,4,4,TA,TA,CBlock,TA,TA,GasA,TA,True,3,1,TA,6,Typ,1,Y,,,0,88000
13175,6,6,TA,TA,CBlock,Gd,TA,GasA,TA,True,3,1,TA,7,Min1,2,Y,MnPrv,,0,210000
10628,7,5,TA,Gd,CBlock,TA,Gd,GasA,TA,True,2,1,TA,5,Typ,2,Y,GdWo,,0,167000
26142,5,7,TA,TA,CBlock,TA,TA,GasA,TA,True,3,1,TA,6,Typ,1,P,,,0,157900
7750,8,5,Gd,TA,PConc,Gd,TA,GasA,Ex,True,3,1,Gd,7,Typ,2,Y,,,0,184100
6120,5,7,TA,TA,BrkTil,TA,TA,GasA,TA,True,2,1,TA,5,Typ,1,Y,,,0,105000
11146,8,5,Gd,TA,PConc,Ex,TA,GasA,Ex,True,3,1,Gd,7,Typ,3,Y,,,0,255500
9120,6,6,TA,TA,CBlock,TA,TA,GasA,Ex,True,3,1,TA,6,Typ,2,Y,,Shed,1400,163000
53107,6,5,Gd,TA,PConc,Gd,TA,GasA,Ex,True,3,1,Gd,9,Typ,2,Y,,,0,240000
9750,5,5,TA,TA,PConc,TA,TA,GasA,Gd,True,3,1,TA,6,Typ,1,Y,,,0,135500
10480,7,6,TA,TA,CBlock,TA,TA,GasA,TA,True,4,1,TA,8,Typ,2,Y,,,0,205000
1869,6,6,TA,TA,CBlock,TA,TA,GasA,TA,True,2,1,TA,5,Typ,1,Y,,,0,106000
7180,5,7,TA,TA,CBlock,TA,TA,GasA,TA,True,3,1,TA,5,Typ,1,Y,,,0,127000
7136,6,6,TA,TA,CBlock,Gd,TA,GasA,TA,False,4,2,TA,8,Typ,2,Y,,,0,145000
11194,8,5,Gd,TA,PConc,Gd,TA,GasA,Ex,True,3,1,Gd,7,Typ,2,Y,,,0,230500
11475,6,6,TA,TA,CBlock,Gd,TA,GasA,TA,True,3,1,TA,6,Typ,2,Y,MnPrv,,0,179900
10634,5,6,TA,TA,PConc,TA,TA,GasA,TA,True,3,1,TA,5,Min2,1,Y,GdWo,,0,123000
11050,9,5,Gd,TA,PConc,Ex,TA,GasA,Ex,True,3,1,Ex,8,Typ,3,Y,,,0,313000
10237,6,5,Gd,TA,PConc,Gd,TA,GasA,Ex,True,3,1,Gd,8,Typ,2,Y,,,0,178900
13173,9,5,Gd,TA,PConc,Ex,TA,GasA,Ex,True,2,1,Ex,6,Typ,2,Y,,,0,325000
8402,5,5,TA,TA,PConc,Gd,TA,GasA,Ex,True,3,1,TA,6,Typ,0,Y,,,0,147000
2500,7,8,Gd,TA,PConc,TA,TA,GasA,Ex,True,4,1,Ex,7,Min2,1,Y,,,0,155000
11700,7,7,Gd,TA,Stone,TA,Fa,GasW,TA,False,4,1,Gd,8,Typ,4,N,,,0,265979
15256,8,5,Gd,TA,PConc,Gd,TA,GasA,Ex,True,3,1,Gd,6,Typ,3,Y,,,0,282922
1526,4,8,TA,Gd,CBlock,Gd,TA,GasA,TA,True,1,1,Gd,3,Typ,1,Y,,,0,86000
11170,7,5,TA,TA,Wood,Gd,TA,GasA,Ex,True,4,1,TA,8,Typ,2,Y,GdPrv,,0,250000
53227,4,6,TA,TA,CBlock,Gd,TA,GasA,Ex,True,2,1,Gd,6,Min1,2,Y,,,0,256000
10011,5,6,TA,TA,CBlock,TA,TA,GasA,TA,True,2,1,Gd,6,Min1,1,Y,MnPrv,,0,134450
4400,6,8,TA,TA,BrkTil,Fa,TA,GasA,TA,True,2,1,TA,6,Typ,2,Y,,,0,116000
9236,6,5,TA,Gd,PConc,Gd,TA,GasA,Ex,True,3,1,Gd,6,Typ,2,Y,,,0,217000
15602,7,8,TA,TA,CBlock,TA,TA,GasA,TA,True,1,1,TA,6,Typ,2,Y,GdWo,,0,289000
1936,4,6,TA,TA,CBlock,Gd,TA,GasA,Gd,True,1,1,TA,3,Typ,0,Y,MnPrv,,0,84500
8068,6,5,Gd,TA,PConc,Gd,TA,GasA,Ex,True,4,1,Gd,8,Typ,2,Y,,,0,200000
5900,4,7,TA,TA,PConc,Gd,TA,GasA,TA,True,2,1,Fa,4,Typ,0,Y,,,0,85500
9125,7,5,TA,TA,PConc,Gd,TA,GasA,Gd,True,3,1,Gd,7,Typ,2,Y,,,0,163900
11900,7,5,TA,Gd,CBlock,TA,TA,GasA,TA,True,3,1,TA,6,Typ,2,Y,,,0,82500
8500,5,7,TA,TA,CBlock,TA,TA,GasW,TA,False,3,1,Fa,7,Typ,0,N,,,0,115000
9650,6,5,TA,TA,CBlock,Gd,TA,GasA,TA,True,2,1,TA,6,Typ,2,Y,,,0,167900
6435,6,5,TA,TA,BrkTil,TA,TA,GasA,Gd,True,3,1,Fa,6,Typ,1,Y,,,0,140200
8125,7,5,Gd,TA,PConc,Gd,TA,GasA,Ex,True,3,1,Gd,6,Typ,2,Y,,,0,186500
9100,5,6,TA,TA,BrkTil,TA,TA,GasA,TA,True,2,1,TA,4,Typ,1,P,,Shed,600,79500
8470,3,2,Fa,Fa,CBlock,TA,Fa,GasA,TA,False,2,1,Fa,6,Typ,0,N,MnPrv,,0,85000
13695,5,5,TA,TA,PConc,TA,TA,GasA,Ex,True,3,1,Gd,6,Typ,2,Y,,,0,159000
13006,7,5,TA,TA,PConc,Gd,TA,GasA,Gd,True,4,1,Gd,8,Typ,2,Y,,,0,222000
7700,6,5,TA,TA,CBlock,TA,TA,GasA,TA,True,4,1,TA,7,Typ,2,Y,,,0,155000
9550,7,5,TA,TA,BrkTil,TA,Gd,GasA,Gd,True,3,1,Gd,7,Typ,3,Y,,,0,140000
7800,5,6,TA,TA,PConc,TA,TA,GasA,Gd,True,2,1,TA,7,Typ,1,Y,,,0,132000
8640,7,5,Gd,TA,PConc,Ex,TA,GasA,Ex,True,3,1,Gd,6,Typ,2,Y,,,0,250580
8385,5,8,Gd,TA,CBlock,Gd,Gd,GasA,TA,True,3,1,TA,6,Typ,1,Y,,,0,149900
8263,6,5,TA,TA,BrkTil,TA,TA,GasA,TA,True,2,1,TA,6,Typ,1,Y,MnPrv,,0,118400
7763,5,7,TA,Gd,CBlock,TA,TA,GasA,TA,True,3,1,TA,6,Typ,2,Y,,,0,140000
9600,7,7,TA,TA,BrkTil,TA,Gd,GasA,Ex,True,3,1,Ex,6,Typ,2,Y,,,0,178000
8450,7,5,Gd,TA,PConc,Gd,TA,GasA,Ex,True,3,1,Gd,6,Typ,2,Y,,,0,185000
8400,6,5,TA,TA,CBlock,TA,TA,GasA,Gd,True,3,1,TA,6,Typ,1,Y,,,0,129000
11029,6,7,TA,TA,CBlock,TA,TA,GasA,TA,True,4,1,Gd,9,Typ,2,Y,,,0,250000
12108,4,4,TA,TA,CBlock,TA,TA,GasA,TA,False,4,2,Fa,8,Typ,0,Y,,,0,118000
7500,5,5,TA,TA,CBlock,TA,TA,GasA,Fa,True,3,1,TA,5,Typ,1,Y,MnPrv,,0,133000
8532,5,6,TA,TA,CBlock,TA,TA,GasA,Gd,True,3,1,TA,5,Typ,2,Y,,,0,153000
11317,7,5,Gd,TA,PConc,Gd,TA,GasA,Ex,True,3,1,Gd,8,Typ,2,Y,,,0,180000
20544,7,6,TA,Gd,CBlock,Gd,TA,GasA,Gd,True,3,1,TA,7,Typ,2,Y,MnPrv,,0,215000
4224,5,5,TA,TA,PConc,Gd,TA,GasA,TA,True,3,1,TA,6,Typ,2,Y,MnPrv,,0,134000
14601,9,5,Ex,TA,PConc,Ex,TA,GasA,Ex,True,2,1,Ex,8,Typ,3,Y,,,0,315000
1680,5,7,TA,TA,CBlock,TA,TA,GasA,TA,True,3,1,TA,6,Typ,1,Y,,,0,119500
8773,6,5,TA,TA,PConc,Gd,TA,GasA,Gd,True,3,1,TA,7,Typ,2,Y,,,0,169000
14684,7,7,Gd,TA,CBlock,Gd,TA,GasA,Gd,True,3,1,Gd,7,Typ,3,Y,,,0,271900
10402,7,5,TA,TA,PConc,Gd,TA,GasA,Ex,True,3,1,Gd,6,Typ,3,Y,,,0,198900
8012,6,5,TA,TA,CBlock,Gd,TA,GasA,TA,True,2,1,TA,5,Typ,1,Y,,,0,143000
4426,6,5,Gd,TA,PConc,Gd,TA,GasA,Ex,True,1,1,Gd,3,Typ,2,Y,,,0,141000
8529,7,5,Gd,TA,PConc,Gd,TA,GasA,Ex,True,3,1,Gd,6,Typ,2,Y,,,0,189000
12144,5,7,Gd,TA,CBlock,TA,TA,GasA,Gd,True,3,1,TA,6,Typ,1,Y,,Othr,0,133000
15623,10,5,Gd,TA,PConc,Ex,TA,GasA,Ex,True,4,1,Ex,10,Typ,3,Y,MnPrv,,0,745000
14000,7,5,Gd,TA,PConc,Ex,TA,GasA,Ex,True,3,1,Gd,7,Typ,2,Y,,,0,328000
7500,5,7,TA,TA,CBlock,TA,TA,GasA,Ex,True,3,1,Gd,6,Typ,1,Y,GdPrv,,0,154000
9020,6,5,TA,TA,CBlock,TA,TA,GasA,TA,True,3,1,TA,6,Typ,2,Y,GdPrv,,0,168500
5700,7,7,TA,TA,PConc,TA,TA,GasA,TA,True,2,1,TA,5,Typ,1,Y,,,0,116900
14115,6,7,TA,TA,PConc,TA,TA,GasA,Ex,True,2,1,Ex,6,Typ,2,Y,,,0,230000
8198,7,5,Gd,TA,PConc,Gd,TA,GasA,Ex,True,2,1,Gd,6,Typ,2,Y,,,0,207000
21453,6,5,TA,TA,CBlock,TA,TA,GasA,Ex,True,1,1,TA,4,Typ,2,Y,,,0,180000
11957,8,5,Gd,TA,PConc,Gd,TA,GasA,Ex,True,3,1,Gd,7,Typ,3,Y,,,0,232000
15431,10,5,Ex,TA,PConc,Ex,TA,GasA,Ex,True,2,1,Ex,10,Typ,3,Y,,,0,555000
8000,6,6,TA,Gd,CBlock,TA,TA,GasA,Ex,True,2,1,TA,5,Typ,1,Y,,,0,132000
23257,7,5,Gd,TA,PConc,Ex,Gd,GasA,Ex,True,3,1,Gd,9,Typ,2,Y,,,0,274725
7200,5,5,TA,TA,CBlock,TA,TA,GasA,TA,True,2,1,TA,6,Typ,2,Y,,,0,123000
7758,5,7,TA,Gd,CBlock,TA,TA,GasA,Gd,True,3,1,Gd,6,Typ,1,Y,,,0,132500
8049,7,5,TA,TA,CBlock,Gd,TA,GasA,TA,True,2,1,TA,6,Typ,2,Y,,,0,180000
8635,5,5,TA,TA,CBlock,TA,TA,GasA,TA,True,2,1,TA,6,Min1,1,Y,MnPrv,,0,127000
14450,9,5,Ex,TA,PConc,Ex,TA,GasA,Ex,True,3,1,Ex,8,Typ,3,Y,,,0,415298
11040,6,7,Gd,Gd,CBlock,TA,TA,GasA,Ex,True,3,1,Gd,5,Typ,2,Y,,,0,145000
10261,6,5,TA,TA,PConc,Gd,TA,GasA,Ex,True,3,1,TA,8,Typ,2,Y,,,0,186500
10482,6,8,TA,Gd,CBlock,TA,TA,GasA,Ex,True,3,1,TA,6,Typ,1,Y,MnWw,,0,145000
7585,5,3,TA,TA,CBlock,Fa,Fa,GasA,Fa,True,4,1,TA,7,Typ,1,P,,,0,91500
18890,5,5,TA,TA,CBlock,Gd,TA,GasA,Ex,True,4,2,TA,12,Typ,2,N,,Gar2,8300,190000
8125,7,5,Gd,TA,PConc,Gd,TA,GasA,Ex,True,2,1,Gd,7,Typ,2,Y,,,0,241000
9000,5,5,TA,TA,CBlock,TA,TA,GasA,TA,True,2,1,TA,5,Min1,1,Y,GdWo,,0,118000
7153,6,5,Gd,Gd,PConc,Gd,TA,GasA,Ex,True,3,1,Gd,7,Typ,2,Y,,,0,175900
6000,5,5,TA,TA,CBlock,TA,TA,GasA,Ex,True,2,1,TA,5,Typ,1,Y,,,0,115000
4280,5,6,TA,TA,PConc,TA,TA,GasA,TA,False,2,1,Gd,4,Typ,1,P,MnPrv,,0,90350
17920,5,4,TA,TA,CBlock,TA,TA,GasA,TA,True,3,1,TA,6,Typ,2,Y,,,0,170000
12772,6,8,TA,Gd,CBlock,TA,TA,GasA,TA,True,2,1,TA,5,Typ,1,Y,,Gar2,15500,151500
4426,6,5,Gd,TA,PConc,Gd,TA,GasA,Ex,True,1,1,Gd,3,Typ,2,Y,,,0,143000
10335,7,5,Gd,TA,PConc,Gd,TA,GasA,Ex,True,3,1,Gd,6,Typ,2,Y,,,0,204000
10530,6,5,TA,TA,CBlock,Gd,TA,GasA,TA,True,2,1,TA,4,Typ,2,Y,,,0,135000
8405,4,3,TA,TA,Slab,,,Wall,TA,False,4,1,TA,9,Mod,1,N,,,0,98000
1950,6,6,TA,Gd,CBlock,Gd,TA,GasA,TA,True,3,1,TA,6,Typ,2,Y,GdPrv,,0,151000
7018,5,5,TA,TA,CBlock,Gd,TA,GasA,TA,True,2,2,TA,6,Typ,2,Y,,,0,153337
6120,7,5,TA,TA,BrkTil,TA,TA,GasA,Gd,True,2,2,TA,8,Min1,2,Y,,,0,129900
9000,8,5,Gd,TA,PConc,Gd,TA,GasA,Ex,True,3,1,Gd,8,Typ,3,Y,,,0,270000
9825,5,5,TA,TA,CBlock,,,GasA,TA,False,4,2,TA,8,Typ,0,Y,,,0,100000
14260,8,5,Gd,TA,PConc,Gd,TA,GasA,Ex,True,4,1,Gd,9,Typ,3,Y,,,0,250000
11838,8,5,Gd,TA,PConc,Gd,TA,GasA,Ex,True,3,1,Ex,7,Typ,2,Y,,,0,236500
10552,5,5,TA,TA,CBlock,TA,TA,GasA,Gd,True,4,1,Gd,6,Typ,2,Y,,,0,165500
11888,6,6,TA,TA,BrkTil,TA,TA,GasA,Gd,False,5,1,Gd,10,Typ,2,Y,,,0,214500
1596,4,5,TA,TA,CBlock,Gd,TA,GasA,TA,True,2,1,TA,5,Typ,1,Y,GdWo,,0,91000
31770,6,5,TA,TA,CBlock,TA,Gd,GasA,Fa,True,3,1,TA,7,Typ,2,P,,,0,215000
9549,8,5,Gd,Gd,PConc,Gd,Gd,GasA,Ex,True,2,1,Ex,6,Typ,2,Y,,,0,270000
8499,6,5,TA,TA,PConc,Gd,TA,GasA,Ex,True,3,1,Gd,6,Typ,2,Y,,,0,156932
11103,7,5,Gd,TA,PConc,Gd,TA,GasA,Ex,True,3,1,Gd,8,Typ,2,Y,,,0,155835
8544,3,4,TA,TA,Slab,,,Wall,Fa,False,2,2,TA,6,Typ,2,Y,,,0,87500
14145,7,7,Gd,TA,CBlock,Gd,TA,GasA,Ex,True,3,1,Gd,8,Typ,2,Y,,Shed,400,202500
12508,6,7,TA,TA,CBlock,Gd,TA,GasA,Ex,True,4,1,TA,7,Mod,1,Y,,Shed,1300,160000
12665,5,8,TA,TA,BrkTil,TA,TA,GasA,Gd,True,4,1,TA,7,Typ,3,Y,,,0,153900
6120,2,3,Fa,Fa,BrkTil,TA,Fa,Grav,Fa,False,1,1,Fa,4,Maj1,0,N,,,0,60000
9600,5,8,TA,TA,PConc,TA,TA,GasA,Gd,True,3,1,Gd,6,Typ,1,P,GdWo,,0,125000
10800,4,7,TA,TA,BrkTil,Fa,TA,GasA,Gd,True,2,1,TA,6,Typ,1,N,,Shed,450,100000
17671,8,9,Gd,Gd,BrkTil,TA,TA,GasA,Gd,True,4,1,Gd,8,Typ,2,P,,,0,168000
10896,6,7,Fa,TA,CBlock,TA,Fa,GasA,Ex,True,8,2,Fa,14,Typ,0,N,,,0,200000
14781,8,5,Gd,TA,PConc,Gd,TA,GasA,Ex,True,3,1,Gd,7,Typ,3,Y,,,0,275000
7420,5,6,TA,TA,BrkTil,TA,TA,GasA,Ex,True,2,2,TA,5,Typ,1,Y,,,0,118000
16635,6,7,Gd,TA,CBlock,Gd,TA,GasA,Gd,True,3,1,Gd,8,Typ,2,Y,,,0,215000
13568,5,5,TA,TA,PConc,Gd,TA,GasA,Ex,True,3,1,TA,5,Typ,2,Y,,,0,156000
12328,6,5,TA,TA,CBlock,TA,TA,GasA,TA,True,3,1,TA,6,Typ,3,Y,,,0,169900
12420,7,5,Gd,TA,PConc,Gd,TA,GasA,Ex,True,3,1,Gd,6,Typ,2,Y,,,0,230000
6882,6,7,TA,TA,PConc,TA,TA,GasA,TA,True,3,1,Gd,7,Typ,0,Y,,,0,127000
8281,5,5,TA,TA,CBlock,TA,TA,GasA,Gd,True,3,1,TA,5,Typ,1,Y,GdWo,,0,62383
7685,6,5,TA,TA,PConc,Gd,TA,GasA,Gd,True,3,1,Gd,6,Typ,2,Y,,,0,165600
8400,6,6,TA,TA,CBlock,Gd,TA,GasA,TA,True,3,1,TA,7,Typ,2,Y,MnPrv,,0,171000
12925,6,7,TA,TA,CBlock,TA,TA,GasA,Ex,True,4,1,TA,7,Typ,2,Y,,,0,237500
15611,8,5,Gd,TA,PConc,Gd,TA,GasA,Ex,True,3,1,Gd,8,Typ,2,Y,,,0,233230
13891,8,5,Gd,TA,PConc,Ex,TA,GasA,Ex,True,2,1,Gd,6,Typ,3,Y,,,0,372402
7800,5,7,TA,TA,PConc,TA,TA,GasA,Ex,True,3,1,Gd,5,Typ,1,Y,MnPrv,,0,130000
10625,7,6,TA,TA,CBlock,Gd,TA,GasA,TA,True,3,1,Gd,6,Typ,2,Y,MnPrv,,0,170000
10140,7,5,Gd,TA,PConc,Ex,TA,GasA,Ex,True,3,1,Gd,7,Maj1,2,Y,,,0,213250
6931,7,5,Gd,TA,PConc,Gd,TA,GasA,Ex,True,3,1,Gd,7,Typ,2,Y,,,0,165400
7313,9,5,Ex,TA,PConc,Ex,TA,GasA,Ex,True,2,1,Ex,6,Typ,2,Y,,,0,277500
9303,6,5,Gd,TA,PConc,Ex,TA,GasA,Ex,True,3,1,TA,7,Typ,2,Y,,,0,204000
8738,7,5,Gd,TA,PConc,Gd,TA,GasA,Ex,True,4,1,Gd,8,Typ,2,Y,,,0,230000
12384,7,7,TA,TA,CBlock,Gd,TA,GasA,TA,True,3,1,TA,7,Typ,2,Y,,,0,197900
5814,8,5,Gd,TA,CBlock,Gd,TA,GasA,Gd,True,1,1,Gd,4,Typ,2,Y,,,0,187500
6762,7,5,Gd,TA,PConc,Gd,TA,GasA,Ex,True,2,1,Gd,6,Typ,2,Y,,,0,206000
7200,6,6,TA,TA,BrkTil,TA,Fa,GasW,Ex,False,4,2,TA,9,Typ,2,Y,,,0,133900
7681,5,6,TA,TA,BrkTil,TA,TA,GasA,Ex,True,3,1,TA,7,Typ,1,Y,,,0,154900
6000,5,8,TA,TA,BrkTil,TA,TA,GasA,Ex,True,3,1,TA,5,Typ,1,N,,,0,117000
3182,7,5,Gd,TA,PConc,Gd,Gd,GasA,Ex,True,2,1,Gd,7,Typ,2,Y,,,0,191000
6600,5,4,TA,TA,Stone,TA,TA,GasA,TA,False,4,2,TA,11,Min2,1,Y,,,0,107500
10171,7,5,Gd,TA,PConc,Gd,TA,GasA,Ex,True,3,1,Gd,7,Typ,2,Y,,,0,214000
6342,5,8,TA,Gd,CBlock,TA,TA,GasA,Gd,False,2,1,TA,6,Typ,0,N,,,0,94000
6240,8,5,Gd,TA,PConc,Gd,TA,GasA,Ex,True,2,1,Gd,6,Typ,2,Y,,,0,254000
12400,6,7,TA,TA,CBlock,TA,Fa,GasA,TA,True,3,1,TA,6,Typ,1,Y,,,0,155000
3500,5,7,TA,TA,CBlock,TA,TA,GasA,TA,True,2,1,TA,5,Typ,1,Y,MnWw,,0,110000
5664,8,5,Gd,TA,PConc,Gd,TA,GasA,Ex,True,2,1,Ex,5,Typ,2,Y,,,0,278000
4060,5,8,TA,TA,PConc,Fa,TA,GasA,Ex,True,2,1,TA,4,Typ,0,Y,,,0,99900
9717,5,6,TA,TA,CBlock,TA,TA,GasA,Gd,True,2,1,Gd,5,Typ,1,Y,,,0,142125
10206,8,5,TA,TA,PConc,Gd,TA,GasA,Ex,True,3,1,Gd,6,Typ,3,Y,,,0,245000
5306,7,7,Gd,Gd,PConc,Gd,Gd,GasA,Gd,True,2,1,Gd,5,Typ,2,Y,,,0,239000
2308,6,6,TA,TA,CBlock,Gd,TA,GasA,TA,True,3,1,Gd,7,Typ,2,Y,,,0,155000
5820,3,8,TA,Gd,CBlock,TA,TA,GasA,Ex,True,3,1,TA,6,Typ,1,Y,,,0,126175
11096,8,5,Gd,TA,PConc,Gd,TA,GasA,Ex,True,3,1,Gd,7,Typ,3,Y,,,0,249700
9150,6,5,TA,TA,CBlock,Gd,TA,GasA,Gd,True,3,1,TA,6,Typ,1,Y,,,0,165000
10452,6,5,TA,TA,CBlock,TA,TA,GasA,Ex,True,3,1,TA,5,Typ,2,Y,,,0,155000
6402,5,5,TA,TA,PConc,TA,TA,GasA,TA,False,3,1,TA,6,Typ,1,N,GdWo,,0,78000
9000,6,3,TA,TA,BrkTil,Fa,Fa,GasA,TA,False,2,1,TA,5,Typ,2,N,,,0,76000
3363,7,5,Gd,TA,PConc,Gd,TA,GasA,Ex,True,3,1,Gd,7,Maj1,2,Y,,,0,130000
10400,7,5,TA,TA,CBlock,Gd,TA,GasA,TA,True,3,1,TA,6,Typ,2,Y,MnPrv,,0,152000
9313,7,5,Gd,TA,PConc,Gd,TA,GasA,Ex,True,3,1,Gd,7,Typ,2,Y,,,0,190000
10083,7,5,Gd,TA,PConc,Gd,TA,GasA,Ex,True,2,1,Gd,5,Typ,2,Y,,,0,184900
8834,9,5,Gd,TA,PConc,Ex,TA,GasA,Ex,True,4,1,Ex,10,Typ,3,Y,,,0,350000
5000,5,4,TA,TA,BrkTil,TA,TA,GasA,Gd,False,3,1,TA,6,Typ,1,Y,,,0,79000
8000,6,5,TA,TA,PConc,Gd,TA,GasA,Gd,True,3,1,TA,8,Typ,2,Y,,,0,188000
9842,5,6,TA,TA,BrkTil,TA,Fa,GasA,Ex,True,4,1,TA,8,Typ,2,Y,,,0,189000
10140,5,6,TA,TA,CBlock,Gd,TA,GasA,Ex,True,3,1,TA,6,Typ,2,Y,MnPrv,,0,153500
8773,7,5,Gd,TA,PConc,Gd,TA,GasA,Ex,True,3,1,Gd,6,Typ,2,Y,,,0,185500
11932,8,5,Gd,TA,PConc,Gd,TA,GasA,Ex,True,3,1,Gd,7,Typ,3,Y,,,0,235128
9020,6,7,TA,TA,CBlock,TA,TA,GasA,TA,True,3,1,TA,6,Typ,2,Y,GdPrv,,0,174900
9056,8,5,Gd,TA,PConc,Ex,Gd,GasA,Ex,True,3,1,Gd,6,Typ,2,Y,,,0,178000
4500,6,5,TA,Gd,PConc,Ex,Gd,GasA,Ex,True,2,1,TA,5,Typ,2,Y,,,0,153500
12968,5,6,TA,TA,CBlock,TA,TA,GasA,TA,True,2,1,TA,4,Typ,1,Y,,,0,144000
9991,4,4,TA,TA,CBlock,TA,TA,GasA,Ex,True,3,1,TA,8,Min1,2,Y,GdWo,,0,150000
9738,5,7,TA,Gd,BrkTil,TA,TA,GasA,Gd,True,4,1,TA,7,Typ,1,Y,,,0,104900
7728,5,6,TA,TA,CBlock,TA,TA,GasA,TA,True,3,1,TA,6,Typ,2,Y,GdWo,,0,132500
13673,5,5,TA,Gd,CBlock,TA,TA,GasA,TA,True,3,1,TA,8,Min2,1,Y,,,0,143900
16647,5,5,TA,TA,CBlock,Gd,TA,GasA,TA,True,3,1,TA,6,Min2,2,Y,,,0,171000
11643,5,5,TA,TA,CBlock,TA,TA,GasA,TA,True,6,2,TA,12,Typ,4,Y,,,0,200000
9000,5,3,TA,TA,CBlock,TA,TA,GasA,TA,True,3,1,TA,5,Typ,0,Y,,,0,80000
9180,5,7,TA,TA,CBlock,Gd,TA,GasA,Gd,True,2,1,Gd,5,Typ,2,Y,MnPrv,,0,144000
12376,7,5,TA,TA,PConc,Gd,TA,GasA,Gd,True,5,1,Gd,11,Typ,3,Y,,,0,320000
8120,4,7,TA,Gd,CBlock,TA,TA,GasA,Ex,True,3,1,TA,5,Typ,2,Y,,,0,124500
14762,5,6,TA,TA,Slab,,,GasA,Gd,True,2,1,TA,7,Typ,2,P,,,0,169000
2887,6,5,TA,TA,PConc,Gd,TA,GasA,Ex,True,2,1,Gd,6,Typ,2,Y,,,0,173000
12461,8,5,Gd,TA,PConc,Gd,TA,GasA,Ex,True,2,1,Gd,5,Typ,3,Y,GdPrv,,0,262000
7153,6,5,TA,TA,CBlock,Gd,TA,GasA,Gd,True,3,1,Gd,6,Typ,2,Y,GdWo,,0,179200
10012,4,5,TA,TA,CBlock,Gd,TA,GasA,TA,True,3,1,TA,6,Typ,2,Y,MnPrv,,0,137500
14559,5,7,Gd,TA,CBlock,TA,TA,GasA,Ex,True,2,1,TA,6,Min1,1,Y,,Shed,2000,164900
10592,6,7,TA,Gd,PConc,TA,Fa,GasA,TA,True,3,1,Gd,7,Typ,1,Y,,,0,165000
7226,7,5,Gd,TA,PConc,Gd,TA,GasA,Ex,True,3,1,Gd,6,Typ,2,Y,,,0,183000
12435,7,5,Gd,TA,PConc,Gd,TA,GasA,Ex,True,3,1,Gd,7,Typ,2,Y,,,0,231500
4671,8,5,Gd,TA,PConc,Gd,TA,GasA,Gd,True,2,1,Gd,5,Typ,2,Y,,,0,189000
9672,6,5,TA,TA,PConc,Gd,TA,GasA,TA,True,3,1,TA,6,Typ,2,Y,GdPrv,,0,152000
11250,4,5,TA,TA,CBlock,TA,TA,GasA,Ex,True,5,1,TA,8,Min2,1,Y,,,0,161500
13286,9,5,Ex,TA,PConc,Ex,TA,GasA,Ex,True,3,1,Ex,8,Typ,3,Y,,,0,320000
12180,4,4,TA,Fa,BrkTil,Gd,TA,Grav,Fa,False,2,1,Fa,5,Typ,1,Y,MnPrv,,0,80000
10084,7,5,Gd,TA,PConc,Gd,TA,GasA,Ex,True,3,1,Gd,7,Typ,3,Y,,,0,212900
5890,6,8,Gd,Gd,BrkTil,TA,TA,GasA,Ex,True,2,1,TA,5,Typ,1,Y,,,0,120500
9965,8,5,Gd,TA,PConc,Ex,TA,GasA,Ex,True,4,1,Gd,11,Typ,3,Y,,,0,424870
9600,5,6,TA,TA,CBlock,TA,TA,GasA,Ex,True,3,1,TA,6,Typ,1,Y,MnPrv,,0,124500
16196,7,5,Gd,TA,PConc,Gd,TA,GasA,Ex,True,3,1,Gd,5,Typ,2,Y,,,0,215000
7200,5,8,TA,Gd,CBlock,Gd,TA,GasA,Gd,True,2,1,TA,5,Typ,1,Y,MnPrv,,0,133900
9636,6,5,TA,TA,PConc,Gd,TA,GasA,Gd,True,3,1,TA,7,Typ,2,Y,MnPrv,,0,178000
11700,6,6,TA,TA,CBlock,TA,TA,GasA,Ex,True,4,1,TA,8,Typ,2,Y,,,0,154000
8749,7,5,Gd,TA,PConc,Gd,TA,GasA,Ex,True,3,1,Gd,6,Typ,2,Y,,,0,192000
8400,6,3,TA,TA,CBlock,TA,TA,GasA,Gd,True,3,1,TA,6,Typ,2,Y,,,0,156500
10440,5,8,TA,TA,PConc,TA,TA,GasA,Gd,True,3,1,Gd,8,Typ,2,P,,,0,157500
12416,6,5,TA,TA,CBlock,Gd,Fa,GasA,TA,True,3,1,TA,7,Min2,2,Y,,,0,184000
12342,5,5,TA,TA,CBlock,TA,TA,GasA,TA,True,3,1,TA,6,Min1,1,Y,GdWo,Shed,600,139900
11553,5,5,TA,TA,CBlock,TA,TA,GasA,TA,True,3,1,TA,7,Typ,1,Y,,,0,158000
10140,6,5,TA,TA,CBlock,Gd,TA,GasA,TA,True,3,1,TA,7,Typ,2,Y,MnPrv,,0,165000
12000,5,7,TA,TA,CBlock,TA,TA,GasA,Ex,True,2,1,Gd,6,Typ,2,Y,GdWo,,0,147000
17043,6,5,TA,Gd,CBlock,Gd,Fa,GasA,TA,True,3,1,TA,7,Typ,2,Y,,,0,181000
13704,7,5,Gd,TA,PConc,Gd,TA,GasA,Ex,True,3,1,Gd,6,Typ,3,Y,,,0,205000
7930,6,8,TA,TA,CBlock,TA,TA,GasA,Gd,True,3,1,Gd,5,Typ,2,Y,,,0,156000
11839,7,5,TA,TA,PConc,Gd,TA,GasA,Ex,True,4,1,Gd,10,Typ,2,Y,,,0,262280
8250,5,5,TA,TA,CBlock,TA,TA,GasA,Ex,True,3,1,TA,5,Typ,1,Y,,,0,134000
8944,5,5,TA,TA,CBlock,TA,TA,GasA,TA,True,4,2,TA,8,Mod,3,Y,,,0,124000
8731,5,5,TA,Fa,BrkTil,TA,TA,GasA,TA,True,3,1,TA,6,Maj1,2,Y,,,0,144000
7162,5,7,TA,TA,PConc,TA,TA,GasA,TA,True,3,1,TA,6,Typ,1,Y,MnPrv,,0,109900
9000,8,5,Gd,TA,PConc,Gd,TA,GasA,Ex,True,4,1,Ex,11,Typ,2,Y,,,0,303477
2280,6,5,TA,TA,CBlock,Gd,TA,GasA,Fa,True,3,1,TA,7,Typ,2,Y,,,0,146000
46589,8,7,Gd,TA,PConc,Gd,Gd,GasA,Ex,True,4,1,Gd,8,Typ,3,Y,,,0,402000
8029,6,5,TA,TA,PConc,Gd,TA,GasA,Ex,True,3,1,Gd,8,Typ,2,Y,,,0,176000
9247,6,6,TA,TA,CBlock,TA,TA,GasA,Ex,True,4,1,TA,8,Typ,2,Y,,,0,171000
11235,4,5,TA,TA,CBlock,TA,TA,GasA,Gd,True,3,1,TA,6,Typ,2,Y,,,0,148000
9000,6,5,TA,TA,CBlock,Gd,TA,GasA,Gd,True,2,1,TA,6,Typ,1,Y,,,0,139000
6000,4,7,TA,TA,CBlock,TA,TA,GasA,Ex,True,2,1,TA,4,Typ,1,Y,,,0,107900
11275,6,7,TA,TA,CBlock,TA,TA,GasA,TA,True,3,1,TA,7,Typ,2,Y,,,0,220000
11764,8,7,Gd,TA,PConc,Gd,TA,GasA,Ex,True,4,1,Gd,9,Typ,3,Y,,,0,290000
10944,7,5,Gd,TA,PConc,Gd,TA,GasA,Ex,True,3,1,Gd,5,Typ,2,Y,,,0,271000
14154,7,5,Gd,TA,PConc,Ex,Gd,GasA,Ex,True,3,1,Gd,9,Typ,3,Y,,,0,280000
11700,6,6,Gd,TA,CBlock,TA,TA,GasA,Gd,True,3,1,TA,7,Typ,2,Y,,,0,175000
21872,7,5,TA,TA,PConc,Gd,TA,GasA,Ex,True,3,1,TA,6,Typ,2,Y,,,0,175000
10574,8,5,Gd,TA,PConc,Gd,TA,GasA,Ex,True,3,1,Gd,9,Typ,3,Y,,,0,252000
15523,5,6,TA,TA,CBlock,TA,TA,GasA,Ex,True,3,1,TA,5,Typ,1,Y,,,0,133500
13346,7,5,Gd,TA,PConc,Gd,TA,GasA,Ex,True,4,1,Gd,9,Typ,2,Y,,,0,268000
9600,4,2,TA,TA,BrkTil,TA,Fa,GasW,Fa,False,4,2,TA,8,Min2,3,N,,,0,87000
10721,6,6,Gd,TA,CBlock,TA,TA,GasA,Ex,True,3,1,Gd,7,Typ,2,Y,,,0,142000
10192,7,6,TA,TA,CBlock,TA,TA,GasA,Gd,True,4,1,Gd,8,Typ,2,Y,GdPrv,,0,170000
22950,10,9,Gd,Gd,BrkTil,TA,TA,GasA,Ex,True,4,1,Ex,12,Typ,3,Y,GdPrv,,0,475000
9452,8,5,Gd,TA,PConc,Gd,TA,GasA,Ex,True,3,1,Gd,7,Typ,3,Y,,,0,348000
15865,8,6,Gd,Gd,PConc,TA,Gd,GasA,Ex,True,4,1,Gd,8,Typ,2,Y,,,0,268000
12160,5,5,TA,TA,CBlock,TA,TA,GasA,Fa,True,3,1,TA,6,Typ,2,Y,MnPrv,,0,142000
10246,4,9,TA,Gd,CBlock,TA,Gd,GasA,Ex,True,0,1,TA,3,Typ,1,Y,,,0,145000
14100,8,9,TA,Gd,CBlock,TA,TA,GasA,Ex,True,4,1,Gd,11,Typ,3,Y,GdWo,,0,381000
7200,5,7,TA,TA,BrkTil,TA,Fa,GasA,TA,False,3,1,Fa,6,Typ,1,N,,,0,101000
5925,3,6,TA,TA,BrkTil,TA,TA,Grav,Fa,False,2,1,TA,6,Typ,0,Y,GdWo,,0,37900
5436,4,8,TA,Gd,BrkTil,TA,TA,GasA,Gd,True,3,1,Gd,7,Typ,1,N,MnPrv,,0,125500
11250,8,5,Gd,TA,PConc,Gd,TA,GasA,Ex,True,4,1,Gd,9,Typ,2,Y,,,0,255900
3182,7,5,Gd,TA,PConc,Gd,TA,GasA,Ex,True,2,1,Gd,5,Typ,2,Y,,,0,160200
14054,7,5,Gd,TA,PConc,Gd,TA,GasA,Ex,True,4,1,Gd,9,Typ,3,Y,,,0,219210
4224,5,7,TA,TA,PConc,Gd,TA,GasA,TA,True,3,1,TA,6,Typ,2,Y,,,0,129900
9600,5,7,TA,Gd,BrkTil,Fa,Fa,GasA,Ex,True,2,1,TA,7,Typ,2,Y,GdPrv,,0,132000
9920,5,6,TA,TA,CBlock,Gd,TA,GasA,TA,True,3,1,TA,5,Typ,1,Y,,,0,128500
10712,5,5,TA,TA,PConc,Gd,TA,GasA,TA,True,3,1,TA,5,Typ,0,Y,MnPrv,,0,93500
13710,5,5,TA,TA,CBlock,TA,TA,GasA,TA,True,4,1,TA,6,Typ,1,Y,MnPrv,,0,152000
3696,8,5,Gd,TA,CBlock,Gd,TA,GasA,Ex,True,2,1,Gd,5,Typ,2,Y,,,0,170000
5100,8,7,TA,Gd,PConc,TA,TA,GasA,Fa,True,3,1,Gd,7,Typ,1,Y,MnPrv,,0,161000
10106,5,7,TA,Gd,BrkTil,TA,TA,GasA,Gd,True,4,2,TA,6,Typ,0,Y,,,0,127500
12677,8,5,Ex,TA,PConc,Ex,TA,GasA,Ex,True,1,1,Ex,6,Typ,2,Y,,,0,274000
10880,5,5,TA,TA,CBlock,TA,TA,GasW,TA,False,3,1,TA,5,Typ,1,Y,,,0,125000
9480,5,7,TA,TA,CBlock,TA,TA,GasA,Ex,True,3,1,Gd,7,Typ,1,Y,,,0,146500
5000,5,6,TA,TA,CBlock,TA,TA,GasA,Po,False,2,1,TA,5,Typ,2,Y,,,0,87000
9600,6,5,TA,TA,CBlock,TA,TA,GasA,TA,True,3,1,TA,7,Typ,2,Y,,,0,167000
10800,5,4,TA,Fa,CBlock,TA,Fa,GasA,TA,False,3,2,TA,10,Mod,2,N,,,0,160000
2522,7,5,Gd,TA,PConc,Gd,TA,GasA,Ex,True,3,1,Gd,7,Maj1,2,Y,,,0,137500
11000,5,6,TA,TA,CBlock,TA,TA,GasA,Ex,True,3,1,TA,6,Typ,2,Y,MnPrv,,0,154000
12900,4,4,TA,TA,CBlock,Gd,TA,GasA,TA,True,0,2,TA,6,Typ,2,Y,,,0,108959
2628,7,5,Gd,TA,PConc,Gd,TA,GasA,Ex,True,2,1,Gd,6,Typ,2,Y,,,0,175500
10207,7,6,Gd,TA,PConc,Gd,TA,GasA,Ex,True,3,1,Gd,7,Typ,2,Y,,,0,227875
9230,5,8,TA,TA,CBlock,TA,TA,GasA,Gd,True,1,1,Gd,6,Typ,2,Y,MnPrv,,0,146000
6780,6,8,TA,Fa,CBlock,TA,TA,GasA,Gd,False,2,1,TA,5,Typ,0,N,,,0,84500
11616,5,5,TA,TA,CBlock,TA,TA,GasA,TA,True,3,1,TA,6,Typ,1,Y,,,0,139000
11924,9,5,Ex,TA,PConc,Ex,TA,GasA,Ex,True,4,1,Ex,11,Typ,3,Y,,,0,345000
2665,5,6,TA,TA,PConc,TA,TA,GasA,Ex,True,4,1,TA,6,Typ,1,Y,,,0,127000
21695,6,9,Gd,Gd,CBlock,Gd,TA,GasA,Ex,True,3,1,Gd,5,Typ,2,Y,,,0,222000
10480,6,5,TA,TA,BrkTil,TA,TA,GasA,Ex,True,3,1,TA,6,Maj2,1,Y,,,0,115000
2448,7,5,Gd,TA,PConc,Gd,TA,GasA,Ex,True,2,1,Gd,6,Typ,2,Y,,,0,154000
8400,8,6,Gd,TA,PConc,Gd,TA,GasA,Ex,True,3,1,Gd,6,Typ,2,Y,,,0,227000
12735,4,5,TA,TA,CBlock,TA,TA,GasA,TA,True,3,1,TA,5,Typ,2,Y,MnWw,,0,111250
7875,7,5,Gd,TA,PConc,Gd,TA,GasA,Ex,True,3,1,Gd,8,Typ,2,Y,,,0,180000
10007,5,7,Gd,TA,CBlock,TA,TA,GasA,Ex,True,3,1,Gd,5,Typ,1,Y,MnPrv,,0,145500
8235,5,7,TA,Gd,CBlock,TA,TA,GasA,TA,True,2,1,TA,4,Typ,2,Y,MnPrv,,0,125000
7931,5,5,TA,TA,CBlock,TA,TA,GasA,TA,True,3,1,TA,6,Typ,1,Y,GdPrv,,0,132500
12220,10,5,Ex,TA,CBlock,Ex,TA,GasA,Ex,True,3,1,Ex,9,Typ,3,Y,,,0,402861
13450,7,5,Gd,TA,PConc,Gd,TA,GasA,Ex,True,3,1,Gd,8,Typ,2,Y,,,0,200000
9571,5,3,TA,Fa,CBlock,TA,Fa,GasA,TA,True,3,1,TA,5,Mod,1,Y,,,0,60000
11796,7,5,Gd,TA,PConc,Gd,TA,GasA,Ex,True,4,1,Gd,8,Typ,2,Y,,,0,215000
9084,4,5,TA,TA,CBlock,TA,TA,GasA,TA,True,4,1,TA,7,Typ,1,P,MnPrv,,0,108000
8872,5,8,TA,TA,CBlock,TA,TA,GasA,Ex,True,2,1,Gd,5,Typ,2,Y,,,0,147000
8450,5,8,TA,Gd,CBlock,TA,TA,GasA,Ex,True,3,1,TA,5,Typ,1,Y,MnPrv,,0,138500
9144,5,5,TA,TA,CBlock,TA,TA,GasA,Gd,True,3,1,TA,8,Typ,1,N,,,0,145000
164660,5,6,TA,TA,CBlock,TA,TA,GasA,Ex,True,3,1,TA,7,Typ,2,Y,,Shed,700,228950
6173,5,6,TA,TA,CBlock,TA,TA,GasA,TA,True,3,1,TA,6,Typ,1,Y,MnPrv,,0,125500
4500,6,5,TA,TA,PConc,Ex,TA,GasA,Ex,True,2,1,TA,5,Typ,2,Y,,,0,162000
11400,10,5,Ex,TA,PConc,Ex,TA,GasA,Ex,True,2,1,Ex,8,Typ,3,Y,,,0,466500
9786,3,4,TA,TA,BrkTil,TA,Fa,GasA,Fa,False,3,1,TA,6,Typ,1,P,,,0,91000
8400,5,5,TA,TA,CBlock,TA,TA,GasA,Gd,True,3,1,TA,5,Typ,1,Y,GdWo,,0,138500
5000,5,6,TA,TA,BrkTil,TA,TA,GasA,TA,True,3,1,Gd,6,Typ,1,Y,,,0,127000
13400,5,5,TA,TA,CBlock,TA,TA,GasA,TA,True,3,1,TA,6,Typ,2,Y,GdWo,,0,159950
5500,5,7,TA,TA,BrkTil,TA,TA,GasA,TA,True,3,1,TA,6,Typ,2,Y,,,0,130000
9158,8,5,Gd,TA,PConc,Gd,TA,GasA,Ex,True,3,1,Gd,7,Typ,2,Y,,,0,225000
10150,5,5,TA,TA,CBlock,TA,TA,GasA,Ex,True,2,1,TA,5,Typ,1,Y,,,0,114500
5790,3,6,Gd,Gd,CBlock,Fa,TA,GasA,Gd,False,3,2,TA,8,Typ,1,Y,,,0,107400
7910,5,5,TA,TA,CBlock,TA,TA,GasA,Gd,True,4,1,TA,7,Maj1,1,Y,GdWo,,0,127000
10762,7,5,Gd,TA,PConc,Gd,TA,GasA,Ex,True,3,1,Gd,9,Typ,2,Y,,,0,225000
9000,6,6,TA,Gd,PConc,TA,TA,GasA,TA,True,3,1,Gd,6,Typ,1,P,,,0,141000
10084,8,5,Gd,TA,PConc,Ex,TA,GasA,Ex,True,3,1,Gd,7,Typ,2,Y,,,0,307000
7200,5,5,TA,TA,CBlock,,,GasA,Gd,True,3,1,TA,7,Min1,2,Y,,,0,98300
11645,7,5,Gd,TA,PConc,Gd,TA,GasA,Ex,True,3,1,Gd,7,Typ,2,Y,,,0,196500
8544,3,4,TA,TA,CBlock,,,GasA,Gd,False,2,2,TA,6,Typ,2,Y,,,0,93500
5604,5,6,TA,TA,CBlock,TA,TA,GasA,TA,False,2,1,TA,5,Typ,0,Y,,,0,98000
9100,5,5,TA,TA,CBlock,TA,TA,GasA,TA,True,6,2,TA,10,Typ,2,Y,,,0,125000
9500,6,6,TA,TA,CBlock,TA,TA,GasA,TA,True,4,1,TA,9,Typ,2,Y,GdPrv,,0,165000
1533,5,7,TA,TA,CBlock,Gd,TA,GasA,Ex,True,1,1,Ex,3,Typ,0,Y,,,0,92000
17423,9,5,Ex,TA,PConc,Ex,TA,GasA,Ex,True,1,1,Ex,9,Typ,3,Y,,,0,501837
19378,7,5,Gd,TA,PConc,Gd,TA,GasA,Ex,True,4,1,Gd,9,Typ,2,Y,,,0,320000
10395,6,6,TA,TA,CBlock,Gd,TA,GasA,TA,True,3,1,TA,6,Typ,2,Y,MnPrv,Shed,500,148000
10667,7,6,Gd,TA,PConc,Gd,TA,GasA,Ex,True,3,1,Gd,6,Typ,2,Y,,,0,212000
10382,6,5,TA,Fa,CBlock,TA,TA,GasA,TA,True,2,1,TA,6,Typ,1,Y,,,0,140000
7937,6,6,TA,TA,CBlock,TA,TA,GasA,TA,True,3,1,TA,6,Typ,2,Y,GdPrv,,0,142500
8978,5,5,TA,TA,PConc,TA,TA,GasA,TA,True,3,1,TA,6,Typ,1,Y,,,0,108000
4456,4,5,TA,TA,BrkTil,TA,TA,GasA,Gd,True,2,3,TA,8,Typ,0,N,,,0,113000
10200,5,8,TA,TA,PConc,TA,TA,GasA,Ex,True,2,1,TA,4,Typ,1,N,GdPrv,,0,108000
11923,9,5,Gd,TA,PConc,Ex,TA,GasA,Ex,True,2,1,Ex,7,Typ,2,Y,,,0,239000
14215,8,5,Gd,TA,PConc,Ex,TA,GasA,Ex,True,4,1,Gd,9,Typ,3,Y,,,0,325300
2016,5,5,TA,TA,CBlock,TA,TA,GasA,TA,True,3,1,TA,6,Typ,2,Y,,,0,106000
13072,6,5,TA,TA,PConc,Gd,TA,GasA,Ex,True,3,1,Gd,5,Typ,2,Y,,,0,158000
12692,8,5,Gd,TA,PConc,Gd,TA,GasA,Ex,True,4,1,Gd,10,Typ,2,Y,,,0,430000
11248,9,5,Gd,TA,PConc,Gd,TA,GasA,Ex,True,3,1,Gd,7,Typ,3,Y,,,0,285000
8500,7,5,Gd,TA,PConc,Gd,TA,GasA,Ex,True,3,1,Gd,7,Typ,2,Y,,,0,179600
17400,5,5,TA,TA,CBlock,TA,TA,GasA,Fa,True,3,1,TA,5,Typ,2,P,,,0,160000
8445,5,7,TA,TA,CBlock,Gd,TA,GasA,TA,True,2,1,TA,5,Typ,2,Y,MnPrv,,0,133000
10159,9,5,Ex,TA,PConc,Ex,TA,GasA,Ex,True,3,1,Ex,8,Typ,3,Y,,,0,395192
10800,4,7,TA,TA,BrkTil,,,GasA,TA,False,3,2,TA,7,Typ,0,N,,,0,106250
9286,5,7,TA,TA,CBlock,Gd,Gd,GasA,TA,True,3,1,Gd,5,Typ,1,Y,,,0,143500
1680,6,3,TA,TA,CBlock,TA,TA,GasA,TA,True,2,1,TA,5,Typ,1,Y,,,0,89500
5587,8,5,Ex,TA,PConc,Ex,TA,GasA,Ex,True,2,1,Gd,5,Typ,2,Y,,,0,392500
8064,5,7,TA,Gd,CBlock,TA,TA,GasA,Ex,True,3,1,TA,6,Typ,2,Y,MnPrv,Shed,2000,122900
6120,5,6,TA,Fa,BrkTil,TA,TA,GasA,TA,True,3,1,TA,5,Typ,2,Y,MnPrv,,0,141500
10768,5,8,Gd,Gd,CBlock,Gd,TA,GasA,TA,True,3,1,Gd,6,Typ,2,Y,,,0,218000
11885,8,5,Gd,TA,PConc,Gd,TA,GasA,Ex,True,3,1,Ex,7,Typ,2,Y,,,0,261500
12137,7,5,TA,TA,PConc,Gd,TA,GasA,Ex,True,3,1,Gd,6,Typ,2,Y,,,0,224900
13680,3,5,TA,TA,Slab,,,GasA,Ex,True,4,1,TA,8,Min2,2,Y,,,0,139600
7800,5,5,TA,TA,CBlock,TA,TA,GasA,Gd,True,3,1,TA,6,Typ,1,Y,MnPrv,,0,119900
9920,7,5,Gd,TA,PConc,Gd,TA,GasA,Ex,True,3,1,TA,8,Typ,2,Y,,,0,269790
13418,8,5,Gd,TA,PConc,Ex,TA,GasA,Ex,True,4,1,Gd,9,Typ,3,Y,,,0,309000
10463,8,5,Gd,TA,PConc,Gd,TA,GasA,Ex,True,3,1,Gd,8,Typ,3,Y,,,0,239900
11345,5,5,TA,TA,CBlock,TA,TA,GasA,Gd,True,4,2,TA,10,Typ,2,Y,,,0,137000
7560,5,6,TA,TA,CBlock,TA,TA,GasA,TA,True,3,1,TA,6,Min1,1,Y,MnPrv,,0,139000
6240,5,4,TA,TA,BrkTil,Gd,TA,GasA,Gd,True,3,1,TA,7,Typ,1,Y,,,0,115000
21286,5,5,TA,TA,CBlock,TA,TA,GasA,TA,True,4,1,TA,7,Typ,1,Y,,,0,135000
8846,6,5,TA,TA,PConc,Gd,TA,GasA,Ex,True,3,1,Gd,6,Typ,2,Y,,,0,173900
10005,7,5,TA,TA,CBlock,Gd,TA,GasA,Ex,True,4,1,TA,8,Typ,2,Y,,,0,192000
24682,6,5,TA,TA,PConc,Gd,TA,GasA,Ex,True,3,1,TA,7,Typ,2,Y,,,0,181000
6792,7,5,Gd,TA,PConc,Gd,TA,GasA,Ex,True,2,1,Gd,6,Typ,2,Y,,,0,202665
215245,7,5,TA,TA,CBlock,Gd,TA,GasW,TA,True,3,1,TA,8,Typ,2,Y,,,0,375000
9130,6,8,TA,TA,CBlock,TA,TA,GasA,Gd,True,4,1,Gd,7,Typ,2,Y,,,0,173000
14303,8,5,Gd,TA,PConc,Gd,TA,GasA,Ex,True,2,1,Gd,7,Typ,2,Y,,,0,301500
13125,6,5,TA,TA,PConc,Gd,TA,GasA,Ex,True,3,1,Gd,7,Typ,2,Y,,,0,208900
8070,4,5,TA,TA,PConc,Gd,TA,GasA,Ex,True,3,1,TA,5,Typ,0,Y,,,0,123600
12444,8,5,Ex,TA,PConc,Ex,TA,GasA,Ex,True,2,1,Ex,7,Typ,3,Y,,,0,394617
6000,4,4,Fa,TA,CBlock,Fa,TA,GasA,TA,False,2,1,TA,4,Min2,2,Y,,,0,93000
8993,7,5,Gd,TA,PConc,Gd,TA,GasA,Ex,True,3,1,Gd,6,Typ,2,Y,,,0,176485
2268,7,5,Gd,TA,PConc,Gd,TA,GasA,Ex,True,2,1,Gd,6,Typ,2,Y,,,0,173000
12552,7,5,Gd,TA,PConc,Gd,TA,GasA,Ex,True,3,1,Gd,8,Typ,2,Y,GdWo,,0,254900
7200,5,7,TA,TA,CBlock,TA,TA,GasA,TA,True,3,1,TA,6,Typ,1,Y,,,0,119000
8973,5,7,TA,TA,CBlock,TA,TA,GasA,TA,True,3,1,Ex,6,Typ,2,Y,MnWw,,0,150000
11911,6,5,Gd,TA,PConc,Gd,TA,GasA,Ex,True,3,1,Gd,6,Typ,2,Y,,,0,174000
9060,6,5,TA,TA,BrkTil,TA,TA,GasA,TA,True,2,1,TA,6,Typ,1,P,MnPrv,,0,105000
8775,5,5,TA,TA,PConc,Gd,TA,GasA,Gd,True,3,1,TA,5,Typ,1,Y,,,0,126000
14598,6,5,Gd,TA,PConc,Gd,TA,GasA,Ex,True,4,1,Gd,9,Typ,3,Y,,,0,214000
8158,7,5,Gd,TA,PConc,Gd,TA,GasA,Ex,True,3,1,Gd,8,Typ,2,Y,,,0,224900
4230,7,5,Gd,TA,PConc,Ex,Gd,GasA,Ex,True,2,1,Gd,5,Typ,2,Y,,,0,208900
9906,4,4,TA,TA,CBlock,TA,TA,GasA,Fa,False,3,1,TA,8,Typ,1,Y,,,0,107000
4426,6,5,Gd,TA,PConc,Gd,TA,GasA,Ex,True,1,1,Gd,3,Typ,2,Y,,,0,149300
7032,5,5,TA,TA,CBlock,Gd,TA,GasA,TA,True,2,1,TA,4,Typ,2,Y,,,0,135960
9200,6,6,TA,TA,CBlock,TA,TA,GasA,TA,True,3,1,TA,5,Typ,1,Y,,,0,140000
10208,7,5,Gd,TA,PConc,Gd,TA,GasA,Ex,True,3,1,Gd,7,Typ,3,Y,,,0,265000
10386,8,5,Gd,TA,PConc,Gd,TA,GasA,Ex,True,3,1,Gd,8,Typ,3,Y,,,0,305900
9842,4,5,TA,TA,Slab,,,GasA,TA,True,2,2,TA,6,Typ,2,Y,,,0,101800
12099,8,5,Gd,TA,PConc,Ex,TA,GasA,Ex,True,4,1,Gd,10,Typ,3,Y,,,0,354000
12122,7,9,Ex,TA,CBlock,TA,TA,GasA,Gd,True,3,1,Ex,6,Typ,2,Y,,,0,178400
10125,5,5,TA,TA,CBlock,,,GasA,TA,True,4,2,Gd,8,Typ,2,Y,,,0,126000
10000,8,5,Gd,TA,PConc,Gd,Gd,GasA,Ex,True,3,1,Gd,7,Typ,3,Y,,,0,227000
9439,5,5,TA,TA,CBlock,TA,TA,GasA,Gd,True,2,1,TA,6,Typ,1,Y,,,0,87000
13000,6,6,TA,Gd,CBlock,Gd,TA,GasA,TA,True,4,1,Gd,8,Typ,1,Y,,,0,193500
6420,5,7,TA,TA,PConc,Ex,Gd,GasA,Fa,True,2,1,TA,6,Typ,1,Y,,,0,123500
8160,5,6,TA,TA,BrkTil,TA,TA,GasA,Fa,False,3,1,TA,7,Typ,1,P,,,0,126000
9900,6,4,TA,TA,BrkTil,TA,TA,GasW,TA,True,5,1,Fa,8,Typ,1,N,,,0,117500
13360,5,7,TA,Gd,BrkTil,Gd,TA,GasA,Ex,True,2,1,TA,5,Typ,2,Y,,,0,163500
9572,8,5,Gd,TA,PConc,Ex,TA,GasA,Ex,True,4,1,Gd,9,Typ,2,Y,,,0,302000
3675,6,5,TA,TA,PConc,Gd,TA,GasA,Ex,True,2,1,TA,5,Typ,2,Y,,,0,148000
8760,7,5,Gd,TA,PConc,Gd,Gd,GasA,Ex,True,3,1,Gd,7,Typ,3,Y,,,0,239799
9375,7,5,Gd,TA,PConc,Gd,TA,GasA,Ex,True,4,1,Gd,8,Typ,2,Y,,,0,263000
21780,6,7,TA,TA,BrkTil,Gd,TA,GasA,Ex,True,4,1,TA,8,Typ,2,N,,,0,185000
12798,6,5,TA,TA,PConc,Gd,TA,GasA,Gd,True,4,1,Gd,8,Typ,2,Y,,Shed,400,200000
17503,6,5,TA,TA,CBlock,TA,TA,GasA,TA,True,3,1,TA,6,Typ,1,Y,,,0,97500
7500,6,7,TA,TA,CBlock,TA,TA,GasA,Fa,True,3,1,Gd,7,Typ,1,P,,,0,177500
13500,10,9,Ex,Ex,BrkTil,TA,TA,GasA,Gd,True,3,1,Gd,9,Typ,2,Y,,,0,325000
16158,7,5,Gd,TA,PConc,Ex,TA,GasA,Ex,True,3,1,Gd,7,Typ,2,Y,,,0,260000
6120,4,7,TA,TA,BrkTil,TA,TA,GasA,Ex,True,3,1,Gd,6,Typ,1,Y,,,0,133000
7200,7,7,TA,TA,BrkTil,Fa,TA,GasA,Ex,True,4,1,Gd,8,Typ,2,N,,,0,157000
16905,5,6,TA,Gd,CBlock,TA,TA,GasA,Gd,True,2,1,TA,5,Typ,1,P,,,0,170000
13891,9,5,Ex,TA,PConc,Ex,TA,GasA,Ex,True,4,1,Ex,12,Typ,3,Y,,,0,582933
7449,7,7,TA,TA,PConc,TA,TA,GasA,Ex,True,3,1,Gd,6,Typ,1,N,GdPrv,,0,139400
32463,4,4,TA,Gd,CBlock,TA,TA,GasA,Ex,True,3,1,TA,7,Typ,4,Y,,,0,168000
10800,5,8,TA,TA,CBlock,Fa,TA,GasA,Gd,True,3,1,Gd,7,Min1,2,Y,,Shed,500,170000
9600,6,5,TA,TA,CBlock,TA,TA,GasA,TA,True,3,1,TA,6,Typ,1,Y,,,0,119000
12085,8,5,Gd,TA,PConc,Ex,TA,GasA,Ex,True,3,1,Ex,7,Typ,3,Y,,,0,318000
9135,7,5,Gd,TA,PConc,Gd,TA,GasA,Ex,True,3,1,Gd,7,Typ,2,Y,,,0,214000
7500,7,5,TA,TA,PConc,TA,TA,GasA,Gd,True,3,1,Gd,7,Typ,2,Y,,,0,189000
14157,9,5,Gd,TA,PConc,Ex,TA,GasA,Ex,True,3,1,Gd,8,Typ,3,Y,,,0,377426
21750,5,4,TA,Fa,Slab,,,GasA,TA,True,3,1,TA,9,Min1,2,Y,GdPrv,,0,115000
12000,7,7,TA,TA,CBlock,TA,TA,GasA,Ex,True,3,1,Fa,7,Typ,1,Y,,,0,174500
8600,6,6,TA,TA,BrkTil,TA,TA,GasA,TA,True,3,1,TA,7,Typ,1,N,,,0,119500
1533,4,6,TA,TA,CBlock,TA,TA,GasA,TA,True,3,1,TA,6,Typ,0,Y,,,0,97000
10859,5,5,TA,TA,PConc,Gd,TA,GasA,Ex,True,3,1,TA,6,Typ,2,Y,,,0,145000
12393,7,5,Gd,TA,PConc,Gd,TA,GasA,Ex,True,4,1,Gd,8,Typ,2,Y,,,0,195000
11143,8,5,Gd,TA,PConc,Gd,TA,GasA,Ex,True,4,1,Gd,8,Typ,2,Y,,,0,340000
10678,8,5,Gd,TA,PConc,Gd,TA,GasA,Ex,True,4,1,Gd,9,Typ,2,Y,,,0,285000
27650,7,7,TA,TA,CBlock,Gd,TA,GasA,Ex,True,4,1,Gd,9,Typ,2,Y,,,0,242000
4928,6,5,TA,TA,CBlock,Gd,TA,GasA,TA,True,2,1,TA,5,Typ,2,Y,,,0,128000
10000,5,6,TA,TA,CBlock,Gd,TA,GasA,Gd,True,3,1,Gd,5,Typ,2,Y,MnPrv,,0,157000
10680,5,3,TA,TA,CBlock,TA,Fa,GasA,TA,False,4,1,TA,7,Mod,2,Y,MnPrv,,0,137900
7252,5,5,TA,TA,CBlock,Gd,TA,GasA,TA,True,2,1,TA,5,Typ,2,Y,,,0,134900
7018,5,5,TA,Fa,Slab,,,GasA,TA,True,4,2,TA,8,Typ,2,Y,,,0,118964
8400,5,6,TA,Gd,CBlock,TA,TA,GasA,TA,True,3,1,TA,5,Typ,1,Y,,,0,145000
7150,5,5,TA,TA,CBlock,TA,TA,GasA,TA,True,3,1,TA,5,Typ,1,Y,GdWo,,0,100000
10382,7,6,TA,TA,CBlock,Gd,TA,GasA,Ex,True,3,1,TA,7,Typ,2,Y,,Shed,350,200000
7200,4,5,TA,TA,Slab,,,Wall,Fa,False,2,2,TA,6,Typ,2,Y,,,0,90000
9600,5,6,TA,TA,CBlock,TA,TA,GasA,Gd,True,2,1,TA,5,Typ,1,Y,,,0,128900
8176,5,6,TA,TA,CBlock,TA,TA,GasA,Fa,True,3,1,TA,6,Typ,1,Y,,,0,139000
7000,6,6,TA,Gd,BrkTil,Fa,TA,GasA,Gd,True,2,1,TA,6,Min1,1,Y,,,0,112000
13693,9,5,Ex,TA,PConc,Gd,TA,GasA,Ex,True,3,1,Ex,9,Typ,3,Y,,,0,380000
8197,6,5,TA,TA,CBlock,TA,TA,GasA,Ex,True,3,1,TA,7,Typ,2,Y,MnPrv,,0,143500
6911,5,5,TA,TA,PConc,TA,TA,GasA,TA,True,2,1,Fa,5,Min1,2,Y,,,0,100000
10400,6,5,TA,TA,CBlock,TA,TA,GasA,Gd,True,4,1,TA,8,Min2,2,Y,,,0,165150
9600,5,7,Gd,TA,CBlock,TA,TA,GasA,Gd,True,3,1,Gd,5,Typ,1,Y,,,0,147000
9317,6,5,Gd,TA,PConc,Gd,TA,GasA,Gd,True,3,1,Gd,6,Typ,2,Y,,,0,176432
7200,7,5,Gd,TA,PConc,Gd,Gd,GasA,Ex,True,2,1,Gd,5,Typ,2,Y,,,0,187750
12257,8,5,Gd,TA,PConc,Gd,TA,GasA,Ex,True,4,1,Gd,9,Typ,3,Y,,,0,290000
7677,5,5,TA,TA,CBlock,TA,TA,GasA,Gd,True,2,1,TA,4,Typ,1,Y,,,0,110000
9600,6,8,TA,TA,CBlock,Gd,TA,GasA,Ex,True,3,1,TA,6,Typ,2,Y,,,0,181500
13700,7,6,TA,TA,CBlock,TA,TA,GasA,TA,True,4,1,Gd,8,Typ,2,Y,GdPrv,,0,201800
10708,5,5,Gd,TA,CBlock,TA,TA,GasA,Ex,True,2,1,TA,7,Typ,1,Y,GdWo,,0,190000
7920,6,7,TA,Fa,CBlock,TA,TA,GasA,TA,True,3,1,Fa,6,Typ,0,N,MnPrv,,0,89500
8820,5,6,TA,TA,BrkTil,TA,TA,GasA,TA,True,2,1,TA,7,Typ,2,Y,MnWw,,0,124900
13682,10,5,Ex,TA,PConc,Ex,TA,GasA,Ex,True,3,1,Gd,10,Typ,3,Y,,,0,438780
8000,5,4,TA,TA,CBlock,TA,TA,GasA,Ex,False,6,2,TA,10,Typ,0,Y,,,0,141000
8246,5,8,TA,Gd,CBlock,TA,TA,GasA,Ex,True,3,1,Gd,6,Typ,1,Y,MnPrv,,0,154000
9600,6,7,Gd,Gd,CBlock,TA,TA,GasA,Ex,True,3,1,TA,7,Typ,2,Y,,,0,187000
16692,7,5,TA,TA,CBlock,Gd,TA,GasA,TA,True,5,1,Gd,12,Typ,2,Y,MnPrv,TenC,2000,250000
6240,5,7,TA,TA,PConc,TA,TA,GasA,TA,True,3,1,TA,8,Typ,2,P,,,0,162900
16259,9,5,TA,TA,PConc,Ex,Gd,GasA,Ex,True,4,1,Gd,9,Typ,3,Y,,,0,342643
7500,7,5,Gd,TA,PConc,Gd,TA,GasA,Ex,True,3,1,Gd,6,Typ,2,Y,,,0,176000
14585,6,6,TA,TA,CBlock,TA,TA,GasA,Ex,True,3,1,Gd,7,Typ,2,Y,,,0,181900
11287,7,6,Gd,TA,CBlock,Gd,TA,GasA,Gd,True,3,1,Gd,7,Typ,2,Y,,,0,228500
1491,4,6,TA,TA,CBlock,Gd,TA,GasA,Ex,True,1,1,TA,3,Typ,0,Y,,,0,75500
21535,10,6,Ex,TA,PConc,Ex,TA,GasA,Ex,True,4,1,Ex,10,Typ,3,Y,,,0,755000
9120,7,6,TA,Gd,PConc,TA,TA,GasA,Ex,True,4,1,TA,8,Typ,1,N,GdPrv,,0,184000
3072,7,5,Gd,TA,PConc,Gd,TA,GasA,Ex,True,2,1,Gd,6,Typ,2,Y,,,0,178740
4590,8,5,Gd,TA,PConc,Gd,Gd,GasA,Ex,True,2,1,Gd,6,Typ,2,Y,,,0,209500
8640,8,5,Gd,TA,PConc,Gd,TA,GasA,Ex,True,3,1,Gd,6,Typ,2,Y,,,0,229456
9098,4,7,TA,TA,BrkTil,TA,TA,GasA,Ex,True,2,1,TA,5,Typ,0,N,,,0,86000
9069,6,6,TA,TA,PConc,Gd,TA,GasA,Ex,True,2,1,Gd,5,Typ,2,Y,,,0,147000
15870,5,5,TA,TA,CBlock,TA,TA,GasA,Ex,True,3,1,TA,6,Typ,1,Y,,,0,138800
9587,7,5,Gd,TA,PConc,Gd,TA,GasA,Ex,True,2,1,Gd,5,Typ,2,Y,,,0,190000
9760,6,8,TA,TA,CBlock,TA,TA,GasA,Gd,True,3,1,Gd,7,Typ,2,Y,MnWw,,0,187000
9492,5,5,TA,TA,CBlock,TA,TA,GasA,TA,True,3,1,TA,6,Typ,1,Y,,,0,105000
14006,7,5,Gd,TA,PConc,Gd,TA,GasA,Ex,True,3,1,Gd,7,Typ,2,Y,,,0,192500
9204,5,5,TA,TA,CBlock,TA,TA,GasA,TA,True,3,1,TA,6,Typ,1,Y,,,0,124000
10659,5,6,TA,TA,CBlock,TA,TA,GasA,TA,True,3,1,TA,6,Typ,1,Y,,,0,136500
9084,5,6,TA,TA,CBlock,TA,Fa,GasA,TA,False,3,1,TA,5,Typ,1,Y,,,0,95000
5062,7,5,Gd,TA,CBlock,Gd,TA,GasA,Gd,True,3,1,Gd,6,Min1,2,Y,,,0,207500
6270,5,6,TA,TA,CBlock,TA,TA,GasA,TA,False,4,2,TA,8,Typ,3,Y,,,0,145000
9750,6,8,TA,TA,CBlock,Gd,TA,GasA,Gd,True,3,1,TA,6,Typ,2,Y,,,0,151000
35133,5,4,TA,TA,CBlock,TA,TA,GasA,Gd,True,3,1,TA,5,Typ,3,Y,,,0,186700
4800,4,7,TA,TA,CBlock,TA,TA,GasA,Ex,True,2,1,TA,5,Typ,2,Y,,,0,109900
13101,5,5,TA,TA,CBlock,TA,TA,GasA,TA,True,6,2,TA,10,Typ,2,Y,,,0,142600
11639,7,5,Gd,TA,PConc,Gd,TA,GasA,Ex,True,3,1,Gd,6,Typ,2,Y,,,0,182000
53504,8,5,Ex,TA,PConc,Gd,TA,GasA,Ex,True,4,1,Ex,12,Mod,3,Y,,,0,538000
7200,6,5,Gd,TA,PConc,Gd,TA,GasA,Gd,True,2,1,Gd,5,Typ,2,Y,,,0,185000
12003,8,5,Gd,TA,PConc,Ex,TA,GasA,Ex,True,4,1,Ex,8,Typ,3,Y,,,0,269500
10562,8,5,Gd,TA,PConc,Ex,TA,GasA,Ex,True,3,1,Ex,8,Typ,3,Y,,,0,325624
11435,8,7,TA,TA,PConc,Gd,TA,GasA,Fa,True,3,1,Gd,7,Typ,2,Y,,,0,230000
10918,7,9,Gd,TA,BrkTil,Gd,TA,GasA,Ex,True,3,1,Gd,9,Typ,1,Y,MnPrv,,0,234000
11414,7,8,TA,Gd,BrkTil,Gd,TA,GasA,TA,False,3,1,Gd,8,Typ,2,Y,GdPrv,,0,167500
18800,6,5,TA,TA,PConc,Gd,TA,GasA,TA,True,3,1,TA,6,Typ,2,Y,,,0,190000
12394,7,5,Gd,TA,PConc,Gd,TA,GasA,Ex,True,3,1,Gd,7,Typ,2,Y,,,0,225000
9500,6,5,TA,TA,CBlock,Gd,TA,GasA,Gd,True,3,1,TA,6,Typ,2,Y,,,0,159000
8791,6,5,Gd,TA,PConc,Gd,TA,GasA,Ex,True,3,1,Gd,7,Typ,2,Y,,,0,207500
3922,7,5,Gd,TA,PConc,Ex,TA,GasA,Ex,True,2,1,Gd,7,Typ,3,Y,,,0,194201
11361,6,5,TA,TA,CBlock,Gd,TA,GasA,TA,True,3,1,TA,7,Typ,2,Y,MnPrv,,0,180000
7837,6,7,Gd,TA,PConc,Gd,TA,GasA,Gd,True,3,1,TA,7,Typ,2,Y,,,0,178000
9600,7,6,TA,TA,CBlock,TA,TA,GasA,Fa,True,3,1,TA,6,Typ,2,Y,,,0,175500
4388,5,7,TA,Gd,BrkTil,TA,TA,GasA,Ex,True,3,1,TA,5,Typ,0,N,,,0,87000
9382,7,5,Gd,TA,PConc,Gd,TA,GasA,Ex,True,3,1,Gd,6,Typ,2,Y,,,0,191000
11333,6,5,TA,TA,PConc,Gd,TA,GasA,TA,True,3,1,TA,5,Typ,2,Y,,,0,146800
13515,6,6,TA,TA,PConc,TA,TA,GasA,Ex,True,3,1,TA,8,Typ,2,N,GdPrv,,0,180500
7060,7,5,TA,Gd,PConc,Gd,Gd,GasA,Ex,True,2,2,TA,8,Typ,4,Y,,,0,206300
10000,6,6,TA,TA,CBlock,TA,TA,GasA,TA,True,3,1,TA,5,Typ,2,Y,,,0,160000
13125,7,6,TA,TA,CBlock,TA,TA,GasA,TA,True,3,1,TA,6,Typ,1,Y,,,0,219500
13300,5,7,TA,TA,CBlock,Gd,TA,GasA,TA,True,2,1,TA,4,Typ,1,Y,,,0,132000
21000,6,5,TA,Gd,CBlock,Gd,TA,GasA,TA,True,3,1,Gd,7,Typ,2,Y,MnPrv,,0,217000
4435,6,5,Gd,TA,PConc,Gd,TA,GasA,Ex,True,1,1,Gd,3,Typ,2,Y,,,0,155900
3880,5,9,TA,Gd,CBlock,TA,TA,GasA,Gd,True,2,1,Gd,4,Typ,0,Y,,,0,110500
8769,9,5,Ex,TA,PConc,Ex,TA,GasA,Ex,True,1,1,Ex,7,Typ,3,Y,,,0,367294
9750,7,5,Gd,TA,PConc,Gd,TA,GasA,Ex,True,3,1,Gd,6,Typ,2,Y,,,0,213000
7244,5,7,TA,Gd,CBlock,Gd,TA,GasA,Ex,True,2,1,TA,5,Typ,2,Y,,,0,129500
11241,6,7,TA,TA,CBlock,TA,TA,GasA,Ex,True,2,1,TA,5,Typ,2,Y,,Shed,700,149000
11100,4,7,TA,TA,CBlock,,,GasA,Ex,True,2,1,Gd,6,Typ,1,Y,,,0,84900
11075,6,5,TA,TA,CBlock,Fa,TA,GasA,TA,True,4,1,TA,9,Typ,2,Y,,,0,206900
14200,7,6,TA,TA,CBlock,TA,TA,GasA,Ex,True,4,1,Gd,8,Typ,2,Y,GdPrv,,0,226000
7917,6,5,TA,TA,PConc,Gd,TA,GasA,Ex,True,3,1,TA,7,Typ,2,Y,,,0,175000
7200,5,5,TA,TA,CBlock,Gd,TA,GasA,TA,True,2,1,TA,4,Typ,2,Y,,,0,140000
8712,5,7,TA,Gd,CBlock,TA,TA,GasA,TA,True,2,1,TA,5,Typ,1,Y,,,0,153000
8712,5,5,Fa,TA,CBlock,TA,TA,GasA,TA,False,2,1,Fa,4,Typ,2,N,,Shed,54,55993
5250,8,5,TA,Gd,BrkTil,TA,Fa,OthW,Fa,False,4,1,TA,8,Typ,0,Y,,,0,122000
13907,5,6,TA,TA,CBlock,TA,TA,GasA,Ex,True,3,1,TA,6,Typ,0,Y,,,0,108000
9830,5,7,TA,Gd,CBlock,TA,TA,GasA,Ex,True,3,1,Gd,7,Typ,2,Y,,,0,162000
10175,6,5,TA,TA,CBlock,TA,TA,GasA,Gd,True,3,1,TA,7,Typ,2,Y,,,0,180500
10197,6,5,TA,TA,CBlock,TA,TA,GasA,TA,True,3,1,TA,6,Typ,2,Y,,,0,163000
8400,2,5,TA,TA,CBlock,TA,Fa,GasA,TA,False,1,1,Fa,3,Typ,1,N,,,0,60000
9042,7,9,Ex,Gd,Stone,TA,Gd,GasA,Ex,True,4,1,Gd,9,Typ,1,Y,GdPrv,Shed,2500,266500
10004,6,6,TA,TA,CBlock,TA,TA,GasA,TA,True,3,1,TA,6,Typ,2,Y,,,0,167000
10320,6,7,TA,TA,CBlock,TA,TA,GasA,Ex,True,3,1,TA,7,Typ,1,Y,MnPrv,,0,135000
11000,8,5,Gd,TA,PConc,Gd,TA,GasA,Ex,True,4,1,Gd,8,Typ,3,Y,,,0,248000
7015,5,4,TA,TA,CBlock,TA,TA,GasA,TA,True,3,1,Gd,5,Typ,1,Y,,,0,110000
1680,6,5,TA,TA,CBlock,TA,TA,GasA,TA,True,2,1,TA,4,Typ,1,Y,,,0,85400
9937,5,7,TA,Gd,PConc,TA,TA,GasA,Ex,True,3,1,TA,7,Typ,2,Y,MnPrv,,0,167000
9760,6,6,TA,TA,CBlock,TA,TA,GasA,TA,True,4,1,TA,7,Typ,2,Y,,,0,167900
15576,6,7,TA,TA,BrkTil,Gd,TA,GasA,Ex,True,4,1,TA,8,Typ,1,Y,,,0,177000
14000,6,8,TA,Gd,CBlock,TA,TA,GasA,Ex,True,3,1,Gd,6,Typ,1,Y,GdPrv,,0,158500
3182,7,5,Gd,TA,PConc,Gd,TA,GasA,Ex,True,2,1,Gd,4,Typ,2,Y,,,0,151000
8089,8,6,Gd,TA,PConc,Gd,TA,GasA,Ex,True,2,1,Gd,7,Typ,2,Y,,,0,392000
9066,8,5,Gd,TA,PConc,Gd,TA,GasA,Ex,True,3,1,Gd,7,Typ,3,Y,GdPrv,,0,230000
9638,6,7,TA,TA,PConc,TA,TA,GasA,Ex,True,4,1,Gd,10,Min2,1,Y,,,0,169000
2160,7,5,Gd,TA,PConc,Gd,TA,GasA,Ex,True,2,1,Gd,4,Typ,2,Y,,,0,160000
4920,8,5,Gd,TA,PConc,Gd,TA,GasA,Ex,True,2,1,Gd,6,Typ,2,Y,,,0,213500
10215,4,5,TA,TA,PConc,TA,TA,GasA,Ex,True,3,1,TA,5,Typ,1,Y,,,0,111000
6000,5,5,TA,Fa,BrkTil,TA,TA,GasA,Ex,True,4,1,TA,7,Typ,0,P,,,0,102000
26178,7,5,Gd,TA,PConc,Gd,TA,GasA,Ex,True,4,1,Gd,9,Typ,2,Y,,,0,335000
11249,6,5,Gd,Gd,PConc,Gd,Gd,GasA,Ex,True,3,1,Gd,6,Typ,2,Y,,,0,177500
14803,10,5,Ex,TA,PConc,Ex,TA,GasA,Ex,True,2,1,Ex,7,Typ,3,Y,,,0,385000
8544,3,4,TA,TA,Slab,,,Wall,Fa,False,2,2,TA,6,Typ,2,Y,,,0,92900
5720,5,6,TA,TA,CBlock,TA,TA,GasA,Ex,True,3,1,TA,5,Typ,1,Y,,,0,66500
13811,6,6,TA,TA,CBlock,Gd,Gd,GasA,Gd,True,2,1,Gd,5,Typ,2,Y,,,0,176000
11275,7,7,Gd,Gd,CBlock,Gd,TA,GasA,Ex,True,5,1,Gd,11,Typ,2,Y,,,0,242000
21930,5,5,Gd,TA,PConc,Gd,Gd,GasA,Ex,True,4,1,TA,7,Typ,2,Y,,,0,192140
10800,7,7,TA,TA,BrkTil,Gd,TA,GasW,Fa,False,2,1,TA,6,Typ,2,N,,,0,163000
11988,6,7,TA,TA,CBlock,TA,TA,GasA,Fa,True,3,1,TA,6,Typ,1,Y,,,0,188700
10410,5,7,TA,TA,CBlock,Fa,TA,GasA,Ex,True,3,1,TA,8,Min2,1,N,MnPrv,,0,135000
13728,6,7,TA,TA,CBlock,TA,TA,GasA,Ex,True,4,1,Gd,7,Typ,2,Y,,,0,235000
13860,8,7,Gd,TA,CBlock,Gd,TA,GasA,Gd,True,4,1,Ex,9,Typ,2,Y,MnPrv,,0,345000
6000,4,6,TA,TA,BrkTil,TA,TA,GasA,TA,True,3,1,TA,6,Typ,1,Y,,,0,128000
12438,8,5,Ex,TA,PConc,Ex,Gd,GasA,Ex,True,4,1,Ex,10,Typ,3,Y,,,0,361919
9900,6,7,TA,TA,BrkTil,TA,TA,GasA,TA,True,3,1,TA,7,Typ,1,Y,GdWo,,0,139500
12354,6,8,TA,TA,BrkTil,TA,Fa,GasA,Gd,True,3,1,Gd,7,Typ,2,Y,GdPrv,Shed,800,110000
5063,7,5,Gd,TA,PConc,Gd,TA,GasA,Ex,True,2,1,Gd,6,Typ,2,Y,,,0,207500
9120,6,6,Gd,TA,CBlock,TA,TA,GasA,TA,True,4,1,Gd,8,Typ,2,Y,,,0,185000
10140,7,5,TA,TA,PConc,Gd,TA,GasA,TA,True,4,1,TA,8,Typ,2,Y,GdWo,,0,162900
10594,5,5,TA,TA,BrkTil,TA,TA,Grav,Fa,False,2,1,TA,5,Typ,1,Y,MnPrv,,0,96500
9100,5,5,TA,TA,CBlock,TA,TA,GasA,TA,True,3,1,TA,5,Typ,2,Y,,,0,129900
5925,4,7,TA,TA,BrkTil,Fa,TA,GasA,TA,True,2,1,TA,7,Typ,2,Y,MnPrv,,0,89471
8500,5,3,TA,TA,CBlock,TA,TA,GasA,TA,True,2,1,TA,6,Typ,2,Y,GdWo,,0,98600
9135,6,5,Gd,TA,PConc,Gd,TA,GasA,Ex,True,3,1,Gd,7,Typ,2,Y,,,0,200000
10200,5,7,TA,TA,CBlock,TA,TA,GasA,Gd,True,3,1,TA,6,Typ,2,Y,GdWo,,0,144900
11880,7,5,TA,TA,CBlock,Gd,TA,GasA,TA,True,3,1,TA,7,Typ,2,Y,,,0,157000
4043,6,5,TA,TA,CBlock,Gd,TA,GasA,TA,True,2,1,TA,4,Typ,2,Y,,,0,127500
12243,5,6,TA,TA,CBlock,Gd,TA,GasA,Gd,True,3,1,TA,7,Typ,2,Y,,,0,175000
7134,5,5,TA,TA,CBlock,TA,TA,GasA,TA,True,3,1,TA,6,Min1,2,Y,MnPrv,,0,130000
8750,5,6,TA,TA,CBlock,TA,TA,GasA,TA,True,3,1,TA,5,Typ,2,Y,MnPrv,,0,148500
6240,6,6,TA,TA,BrkTil,TA,Fa,GasA,TA,True,3,1,TA,6,Typ,1,Y,,,0,127500
8280,6,5,TA,TA,CBlock,TA,TA,GasA,Ex,True,2,1,Gd,4,Typ,1,Y,GdPrv,,0,124000
7740,4,7,TA,TA,CBlock,Fa,TA,GasA,Gd,True,3,1,TA,6,Typ,2,Y,,,0,125500
13891,10,5,Ex,TA,PConc,Ex,Gd,GasA,Ex,True,2,1,Ex,7,Typ,3,Y,,,0,465000
10000,5,6,TA,TA,CBlock,TA,TA,GasA,Ex,True,3,1,TA,6,Typ,1,Y,GdWo,Shed,400,131400
25000,5,4,TA,TA,CBlock,TA,TA,GasA,TA,True,4,2,TA,8,Typ,2,P,,,0,143000
10120,7,4,Fa,TA,CBlock,TA,TA,GasA,TA,False,4,2,TA,9,Typ,1,N,MnPrv,,0,122000
8814,7,5,Gd,TA,PConc,Gd,TA,GasA,Ex,True,3,1,Gd,6,Typ,2,Y,,,0,203000
10921,4,5,TA,TA,CBlock,TA,TA,GasA,TA,True,3,1,TA,6,Typ,1,P,,,0,94750
9548,7,6,Gd,TA,PConc,Gd,TA,GasA,Ex,True,3,1,Gd,7,Typ,2,Y,,,0,237000
6000,3,7,TA,Gd,CBlock,TA,TA,GasA,Ex,True,2,1,TA,6,Typ,1,Y,,,0,120000
8525,5,6,TA,TA,PConc,TA,TA,GasA,TA,False,4,1,TA,7,Typ,0,N,,,0,130000
8410,5,3,TA,Fa,PConc,TA,TA,GasA,TA,True,5,1,TA,8,Typ,0,N,,,0,81000
10793,5,5,TA,TA,CBlock,TA,TA,GasA,Ex,True,4,1,TA,7,Min1,2,Y,GdWo,,0,152000
57200,5,5,TA,TA,CBlock,TA,TA,GasA,TA,True,3,1,TA,7,Min1,2,N,,,0,160000
7024,5,5,TA,TA,PConc,Ex,Gd,GasA,Gd,True,2,1,TA,5,Typ,2,Y,,,0,157000
9337,6,5,TA,Gd,PConc,Gd,TA,GasA,Ex,True,3,1,Gd,7,Typ,2,Y,,,0,204750
9000,7,9,TA,Gd,PConc,TA,TA,GasA,Ex,True,3,1,TA,7,Typ,2,Y,,,0,143000
4435,6,5,Gd,TA,PConc,Gd,TA,GasA,Ex,True,1,1,Gd,3,Typ,2,Y,,,0,136500
36500,5,5,TA,Gd,CBlock,TA,TA,GasA,Fa,True,4,1,TA,7,Typ,2,N,,,0,190000
5362,5,6,TA,TA,PConc,TA,TA,GasA,Ex,True,3,1,TA,8,Typ,2,Y,,,0,139000
11003,10,5,Ex,TA,PConc,Ex,TA,GasA,Ex,True,3,1,Ex,10,Typ,3,Y,,,0,310000
1890,6,5,TA,TA,CBlock,TA,TA,GasA,TA,True,3,1,TA,7,Typ,1,Y,,,0,113000
11988,6,6,TA,TA,CBlock,TA,TA,GasA,Ex,True,3,1,TA,6,Typ,1,Y,,,0,150000
8892,5,5,TA,TA,CBlock,TA,TA,GasA,Gd,True,3,1,TA,6,Typ,2,Y,,,0,126500
11070,7,5,TA,TA,CBlock,TA,TA,GasA,Gd,True,5,2,TA,9,Typ,3,Y,,,0,171000
1680,6,5,TA,TA,CBlock,TA,TA,GasA,TA,True,2,1,TA,5,Typ,1,Y,,,0,94500
9142,6,8,TA,Fa,Stone,Fa,TA,GasA,Gd,False,4,2,Fa,9,Typ,1,Y,,,0,137000
5825,4,5,TA,Gd,PConc,Fa,TA,GasA,Gd,True,1,1,TA,5,Typ,2,Y,,,0,79900
8520,5,4,TA,Fa,CBlock,TA,TA,GasA,Fa,True,4,1,TA,6,Typ,2,Y,MnPrv,,0,166000
4403,7,5,Ex,TA,PConc,Ex,TA,GasA,Ex,True,2,1,Gd,7,Typ,2,Y,,,0,222000
9742,8,5,Gd,TA,PConc,Gd,TA,GasA,Ex,True,3,1,Gd,7,Typ,2,Y,,,0,230000
9600,6,5,TA,TA,BrkTil,TA,TA,Grav,Fa,False,2,1,TA,5,Typ,0,N,,,0,79000
7200,4,5,TA,TA,Slab,,,GasA,TA,True,2,1,TA,4,Typ,2,Y,,,0,109900
7558,6,6,TA,TA,BrkTil,TA,TA,GasA,Gd,True,3,1,TA,9,Typ,2,Y,,,0,177000
8740,5,6,TA,TA,CBlock,TA,TA,GasA,TA,True,2,1,TA,4,Typ,2,Y,,,0,137000
10240,6,6,TA,Gd,CBlock,Gd,TA,GasA,TA,True,3,1,TA,7,Typ,2,Y,,,0,207500
5310,6,8,TA,Gd,CBlock,TA,Fa,GasA,Gd,True,2,1,Gd,5,Typ,1,Y,,,0,117000
10769,8,5,Gd,TA,PConc,Gd,TA,GasA,Ex,True,3,1,Gd,7,Typ,2,Y,,,0,212000
12342,4,5,TA,TA,CBlock,TA,TA,GasA,Ex,True,1,1,TA,4,Typ,2,Y,,,0,82500
13517,6,8,Gd,TA,CBlock,TA,TA,GasA,Ex,True,3,1,Gd,6,Typ,2,Y,,,0,130500
8814,7,5,Gd,TA,PConc,Gd,TA,GasA,Ex,True,3,1,Gd,8,Typ,2,Y,,,0,220000
13125,5,4,TA,TA,CBlock,TA,TA,GasA,Ex,True,3,1,TA,8,Maj1,2,Y,GdPrv,,0,155000
11160,7,5,Gd,TA,CBlock,TA,TA,GasA,Ex,True,3,1,Ex,8,Typ,2,Y,,,0,244000
11200,6,5,Gd,TA,CBlock,Gd,TA,GasA,TA,True,3,1,Gd,5,Typ,2,Y,,,0,180000
7577,6,5,Gd,TA,PConc,Gd,TA,GasA,Ex,True,2,1,Gd,6,Typ,2,Y,,,0,194700
7931,5,6,TA,TA,CBlock,TA,TA,GasA,TA,True,3,1,TA,6,Typ,1,Y,,,0,155000
8544,5,6,TA,TA,CBlock,TA,TA,GasA,Gd,True,3,1,Gd,6,Typ,1,Y,MnPrv,,0,149350
12546,6,7,Gd,Gd,CBlock,Gd,TA,GasA,Ex,True,3,1,Gd,7,Typ,2,Y,,,0,182900
7500,7,5,TA,TA,PConc,Gd,TA,GasA,Ex,True,3,1,Gd,6,Typ,0,Y,,,0,141000
20781,7,7,TA,TA,CBlock,TA,TA,GasA,TA,True,3,1,TA,9,Typ,2,Y,,,0,262500
5395,8,5,Gd,TA,PConc,Gd,TA,GasA,Gd,True,2,1,Gd,5,Typ,2,Y,,,0,180000
7861,6,5,Gd,TA,PConc,Gd,TA,GasA,Ex,True,3,1,Gd,7,Typ,2,Y,,,0,183200
8658,6,5,TA,TA,CBlock,TA,TA,GasA,Ex,True,3,1,TA,6,Typ,2,Y,GdWo,,0,160000
12803,7,5,Gd,TA,PConc,Gd,TA,GasA,Ex,True,3,1,Gd,6,Typ,2,Y,,,0,221000
7943,4,5,TA,Fa,CBlock,TA,TA,GasA,Gd,True,3,1,TA,5,Typ,1,Y,,,0,118500
9000,4,6,TA,TA,PConc,TA,TA,GasA,TA,True,3,1,TA,5,Typ,2,Y,GdWo,,0,120500
6120,5,7,TA,TA,BrkTil,TA,TA,GasA,TA,False,3,1,TA,6,Min1,1,Y,MnPrv,Shed,620,88000
8777,5,7,TA,TA,CBlock,TA,TA,GasA,Gd,True,4,2,TA,9,Typ,0,N,GdPrv,,0,145900
9531,6,5,TA,TA,PConc,Gd,TA,GasA,Ex,True,3,1,TA,7,Typ,2,Y,MnPrv,,0,211000
6292,6,5,TA,TA,BrkTil,Gd,TA,GasA,TA,False,2,1,TA,4,Typ,1,Y,,,0,91000
10994,8,5,Gd,TA,PConc,Gd,Gd,GasA,Ex,True,2,1,Gd,7,Typ,2,Y,,,0,257000
7350,5,7,TA,TA,CBlock,TA,TA,GasA,TA,True,2,1,TA,4,Typ,2,Y,,,0,139000
10316,7,5,Gd,TA,PConc,Gd,TA,GasA,Ex,True,3,1,Gd,7,Typ,3,Y,,,0,235000
13600,5,5,TA,TA,BrkTil,TA,TA,GasA,TA,False,5,2,TA,10,Min2,2,Y,,,0,90000
9100,7,5,Gd,TA,PConc,Gd,TA,GasA,Ex,True,3,1,Gd,8,Typ,2,Y,,,0,216837
3735,7,5,Gd,TA,PConc,Gd,TA,GasA,Ex,True,3,1,Gd,6,Typ,2,Y,,,0,183900
8724,5,5,TA,TA,CBlock,Gd,TA,GasA,Gd,True,3,1,TA,5,Typ,2,Y,,,0,129000
6240,4,5,TA,TA,Slab,,,GasA,Gd,False,2,1,TA,3,Typ,0,N,,,0,80500
15593,7,4,Gd,TA,CBlock,TA,TA,GasW,TA,True,3,1,TA,7,Typ,2,Y,,,0,225000
7750,7,5,TA,TA,PConc,Gd,TA,GasA,Ex,True,3,1,TA,7,Typ,2,Y,,,0,180000
9100,7,5,Gd,TA,PConc,Gd,TA,GasA,Ex,True,3,1,Gd,6,Typ,2,Y,,,0,235000
5119,9,5,Gd,TA,PConc,Ex,TA,GasA,Ex,True,2,1,Gd,5,Typ,2,Y,,,0,328900
10237,6,5,Gd,TA,PConc,Gd,TA,GasA,Ex,True,3,1,Gd,6,Typ,2,Y,,,0,169990
14191,8,5,Gd,TA,PConc,Gd,TA,GasA,Ex,True,4,1,Gd,9,Typ,2,Y,,,0,202900
4058,7,5,TA,TA,PConc,Gd,TA,GasA,Ex,True,1,1,TA,4,Typ,1,Y,,,0,133000
7200,6,6,TA,TA,CBlock,TA,TA,GasA,Ex,True,3,1,TA,6,Typ,1,Y,GdWo,,0,125000
10762,6,6,TA,TA,CBlock,Gd,TA,GasA,TA,True,3,1,TA,6,Typ,1,Y,,,0,120000
8248,5,7,TA,TA,BrkTil,TA,TA,GasW,Gd,True,3,1,Fa,7,Typ,1,P,,,0,116000
12090,8,5,Gd,TA,PConc,Gd,TA,GasA,Gd,True,4,1,Gd,10,Typ,2,Y,,,0,258000
6155,6,8,TA,TA,BrkTil,Fa,Fa,GasA,Ex,True,3,1,TA,6,Typ,2,Y,,,0,128000
9360,6,7,TA,TA,CBlock,TA,TA,GasA,TA,True,3,1,Gd,5,Typ,2,Y,,,0,197500
16056,9,5,Gd,TA,PConc,Ex,TA,GasA,Ex,True,4,1,Ex,11,Typ,3,Y,,,0,556581
14803,6,5,TA,TA,CBlock,TA,TA,GasA,Gd,True,4,1,TA,8,Typ,2,Y,GdWo,,0,190000
19296,6,5,TA,TA,CBlock,TA,TA,GasA,TA,True,3,1,TA,6,Typ,2,Y,GdWo,,0,176000
14364,7,5,Gd,TA,CBlock,Gd,TA,GasA,Ex,True,3,1,TA,7,Typ,2,Y,,,0,277000
9900,7,5,TA,TA,CBlock,TA,TA,GasA,Gd,True,4,1,TA,9,Typ,2,Y,GdPrv,,0,176000
11423,8,5,Gd,TA,PConc,Gd,TA,GasA,Ex,True,3,1,Gd,6,Typ,2,Y,MnPrv,Shed,2000,272000
11883,7,5,Gd,TA,PConc,Gd,TA,GasA,Ex,True,3,1,Gd,6,Typ,2,Y,,,0,203000
8536,5,5,TA,TA,PConc,Gd,TA,GasA,Gd,True,2,1,TA,5,Typ,2,Y,,,0,155000
8640,7,5,TA,TA,PConc,Gd,TA,GasA,Ex,True,3,1,Gd,7,Typ,2,Y,,,0,215200
8750,6,5,TA,TA,PConc,Gd,TA,GasA,Ex,True,3,1,Gd,7,Typ,2,Y,,,0,200500
7056,6,5,TA,TA,CBlock,TA,TA,GasA,TA,True,4,1,TA,8,Typ,2,Y,,,0,140000
8765,4,6,TA,TA,BrkTil,TA,TA,GasA,Ex,False,2,1,TA,6,Typ,1,Y,,,0,106500
6900,5,6,TA,TA,CBlock,TA,TA,GasA,Ex,True,2,1,TA,4,Typ,1,Y,,,0,120500
10364,6,5,TA,TA,PConc,Gd,TA,GasA,Gd,True,3,1,TA,7,Typ,2,Y,,,0,168000
5400,4,6,Fa,TA,PConc,TA,TA,GasA,Ex,True,2,1,TA,6,Typ,1,Y,,,0,105000
9600,6,6,TA,TA,CBlock,TA,TA,GasA,Gd,True,3,1,Gd,8,Typ,1,Y,MnPrv,,0,165500
6000,6,7,Gd,TA,PConc,TA,TA,GasA,Gd,True,2,1,TA,4,Typ,1,Y,,,0,119000
14892,9,5,Ex,TA,PConc,Ex,TA,GasA,Ex,True,3,1,Ex,7,Typ,3,Y,,,0,377500
11409,5,4,TA,TA,CBlock,TA,TA,GasA,Gd,True,3,1,TA,8,Min2,1,Y,,,0,131000
10010,5,5,TA,TA,CBlock,Gd,TA,GasA,Gd,True,2,1,TA,6,Typ,2,Y,,,0,170000
8012,6,5,Gd,TA,PConc,Gd,TA,GasA,Gd,True,2,1,Gd,5,Typ,2,Y,,,0,179200
9170,5,7,TA,TA,CBlock,TA,TA,GasA,Ex,True,2,1,TA,6,Typ,2,Y,GdPrv,Shed,400,140000
14572,7,5,Gd,TA,PConc,Gd,TA,GasA,Ex,True,3,1,Gd,7,Typ,3,Y,,,0,259000
8450,5,6,TA,TA,CBlock,TA,TA,GasA,Ex,True,3,1,TA,6,Typ,1,Y,,,0,142000
2368,5,6,TA,TA,CBlock,TA,TA,GasA,TA,True,3,1,TA,7,Min1,2,Y,,,0,125000
10832,7,5,Gd,TA,PConc,Gd,TA,GasA,Ex,True,3,1,Gd,7,Typ,2,Y,,Shed,500,194500
7000,5,7,TA,TA,CBlock,Gd,TA,GasA,TA,True,3,1,TA,5,Typ,0,N,,,0,107500
8450,7,5,Gd,TA,PConc,Gd,TA,GasA,Ex,True,3,1,Gd,8,Typ,2,Y,,,0,208500
11228,7,5,Gd,TA,PConc,Gd,TA,GasA,Ex,True,3,1,Gd,9,Typ,3,Y,,,0,228000
11341,5,6,TA,TA,CBlock,Gd,TA,GasA,TA,True,3,1,TA,5,Mod,2,Y,,,0,121500
8755,7,5,Gd,TA,PConc,Gd,TA,GasA,Ex,True,3,1,Gd,8,Typ,2,Y,GdPrv,,0,214000
14850,5,5,TA,TA,CBlock,TA,TA,GasA,TA,True,2,1,TA,6,Typ,1,Y,MnWw,,0,141000
10125,6,6,TA,TA,CBlock,TA,TA,GasA,TA,True,3,1,TA,6,Typ,2,Y,MnPrv,,0,171500
4270,3,6,TA,TA,BrkTil,TA,TA,GasA,Ex,True,3,1,Gd,6,Typ,0,Y,,,0,79000
12886,5,6,TA,TA,CBlock,Gd,TA,GasA,Ex,True,3,1,TA,6,Min2,2,Y,,,0,175000
16226,8,5,Gd,TA,PConc,Gd,TA,GasA,Ex,True,4,1,Gd,9,Typ,2,Y,,,0,267000
8004,8,5,Gd,TA,PConc,Gd,TA,GasA,Ex,True,3,1,TA,8,Typ,2,Y,,,0,263435
7500,7,5,Gd,TA,PConc,Gd,TA,GasA,Ex,True,3,1,Gd,7,Typ,2,Y,,,0,216000
10542,7,5,Gd,TA,PConc,Gd,TA,GasA,Ex,True,3,1,Gd,9,Typ,3,Y,,,0,341000
2280,6,6,TA,TA,CBlock,Gd,TA,GasA,TA,True,3,1,TA,7,Typ,2,Y,,,0,148500
6762,7,5,Gd,TA,PConc,Gd,TA,GasA,Ex,True,2,1,Gd,6,Typ,2,Y,,,0,195400
11846,9,5,Gd,TA,PConc,Ex,TA,GasA,Ex,True,2,1,Ex,6,Typ,3,Y,,,0,374000
8816,6,7,TA,TA,CBlock,TA,TA,GasA,Gd,True,3,1,TA,6,Typ,2,Y,MnPrv,,0,155000
11214,7,5,Gd,TA,PConc,Gd,TA,GasA,Gd,True,4,1,Gd,10,Typ,2,Y,,,0,199900
8471,6,7,TA,TA,CBlock,Gd,Gd,GasA,TA,True,3,1,TA,6,Typ,2,Y,GdWo,,0,151000
12203,8,5,Gd,TA,PConc,Gd,TA,GasA,Ex,True,4,1,Gd,8,Typ,3,Y,,,0,336000
1300,6,6,TA,TA,CBlock,Gd,TA,GasA,TA,True,2,1,TA,5,Typ,2,Y,GdPrv,,0,124000
9350,5,8,TA,Gd,PConc,TA,TA,GasA,Gd,True,3,1,Gd,6,Typ,2,Y,MnPrv,,0,179900
12150,5,5,TA,TA,BrkTil,TA,TA,GasA,Ex,False,4,1,TA,7,Typ,1,Y,,,0,131500
8366,6,5,Gd,TA,PConc,Gd,TA,GasA,Ex,True,3,1,Gd,6,Typ,2,Y,,,0,173000
11340,4,6,TA,TA,PConc,TA,TA,GasA,Gd,True,4,2,TA,11,Typ,2,N,,,0,122500
9849,7,6,Gd,TA,PConc,Gd,TA,GasA,Ex,True,3,1,Gd,7,Typ,3,Y,,,0,248328
12358,5,6,TA,TA,CBlock,TA,TA,GasA,TA,True,2,1,TA,7,Typ,2,Y,,,0,128500
7332,6,6,TA,TA,CBlock,TA,TA,GasA,Ex,True,2,1,Gd,4,Typ,1,Y,,,0,120000
9986,8,5,Gd,TA,PConc,Ex,TA,GasA,Ex,True,2,1,Gd,7,Typ,3,Y,,,0,147000
14115,5,5,TA,TA,Wood,Gd,TA,GasA,Ex,True,1,1,TA,5,Typ,2,Y,MnPrv,Shed,700,143000
4130,3,6,Gd,TA,CBlock,TA,TA,GasA,Gd,True,2,1,TA,5,Maj2,0,N,,,0,52000
10304,5,7,TA,Gd,CBlock,TA,TA,GasA,Ex,True,4,1,Gd,9,Typ,2,Y,,,0,197500
10029,6,5,Gd,TA,PConc,Gd,TA,GasA,TA,True,4,1,TA,8,Typ,2,Y,,,0,211000
10625,5,5,TA,TA,BrkTil,TA,TA,GasA,Fa,False,2,1,TA,5,Typ,1,Y,,Shed,400,83000
6858,6,4,TA,TA,PConc,Gd,TA,GasA,TA,False,4,1,Fa,6,Typ,1,Y,,,0,128000
9855,6,5,TA,TA,CBlock,TA,TA,GasA,Fa,True,3,1,TA,7,Typ,2,Y,MnPrv,,0,127500
7200,5,8,TA,TA,CBlock,TA,TA,GasA,Gd,True,3,1,Gd,5,Typ,2,Y,,,0,129000
9416,7,5,Ex,TA,PConc,Ex,TA,GasA,Ex,True,3,1,Ex,8,Typ,3,Y,,,0,311872
8335,5,5,TA,TA,Slab,,,GasA,Gd,True,3,1,TA,5,Min2,0,N,,,0,93000
9353,4,5,TA,TA,CBlock,TA,TA,GasA,Gd,True,3,1,TA,5,Typ,1,Y,,Shed,0,116050
9560,5,7,TA,Gd,CBlock,TA,TA,GasA,Ex,True,3,1,TA,5,Typ,1,Y,,,0,128500
6000,6,7,TA,TA,BrkTil,TA,TA,GasA,TA,True,3,1,TA,5,Typ,1,Y,,,0,120000
8730,6,7,TA,TA,BrkTil,TA,TA,GasA,Ex,True,3,1,TA,7,Typ,1,Y,,,0,153575
7599,4,6,TA,TA,CBlock,TA,TA,GasA,TA,True,2,1,TA,4,Typ,2,Y,,,0,129500
4435,6,5,Gd,TA,PConc,Gd,TA,GasA,Ex,True,1,1,Gd,4,Typ,2,Y,,,0,144000
13265,8,5,Gd,TA,PConc,Gd,TA,GasA,Ex,True,3,1,Gd,7,Typ,3,Y,,,0,271000
6442,8,5,Gd,TA,PConc,Gd,Gd,GasA,Ex,True,2,1,Gd,6,Typ,2,Y,,,0,202500
9375,8,5,Gd,TA,PConc,Gd,TA,GasA,Ex,True,3,1,Gd,7,Typ,2,Y,,,0,228500
7588,7,6,TA,TA,BrkTil,Fa,TA,GasA,Gd,True,4,1,TA,9,Typ,1,Y,,,0,200100
13758,7,5,Gd,Gd,CBlock,Gd,TA,GasA,Ex,True,3,1,Gd,7,Typ,2,Y,,,0,187500
8556,7,5,Gd,TA,PConc,Gd,TA,GasA,Ex,True,2,1,Gd,5,Typ,3,Y,,,0,194000
12274,7,5,Gd,TA,PConc,Gd,TA,GasA,Ex,True,3,1,Ex,6,Typ,2,Y,,,0,227680
16033,9,5,Gd,TA,PConc,Ex,TA,GasA,Ex,True,3,1,Gd,8,Typ,3,Y,,,0,326000
16381,6,5,Gd,Gd,CBlock,TA,TA,GasA,Gd,True,3,1,Gd,7,Typ,2,Y,,,0,223000
5389,8,5,Gd,TA,PConc,Gd,TA,GasA,Ex,True,2,1,Gd,5,Typ,2,Y,,,0,236500
8780,5,5,TA,TA,CBlock,TA,TA,GasA,Ex,True,3,1,TA,5,Typ,0,Y,MnPrv,,0,112000
12936,6,6,TA,TA,CBlock,TA,Gd,GasA,TA,True,3,1,TA,6,Typ,2,Y,,,0,162000
10041,8,5,Gd,TA,PConc,Gd,TA,GasA,Ex,True,3,1,Gd,8,Typ,2,Y,,,0,220000
10998,5,5,TA,TA,CBlock,TA,TA,GasA,Ex,True,3,1,TA,6,Min2,2,Y,,,0,117000
9600,6,6,TA,TA,CBlock,TA,TA,GasA,Ex,True,3,1,TA,7,Typ,1,Y,,,0,153000
8924,7,5,TA,TA,PConc,Gd,TA,GasA,Ex,True,3,1,Gd,8,Typ,2,Y,,,0,188000
8125,4,4,TA,TA,CBlock,TA,TA,GasA,TA,True,3,1,TA,5,Typ,0,Y,,,0,88000
10652,7,5,Gd,TA,PConc,Gd,TA,GasA,Ex,True,3,1,Gd,7,Typ,3,Y,,,0,279500
11787,7,5,Gd,TA,PConc,Gd,TA,GasA,Ex,True,3,1,Gd,8,Typ,3,Y,,,0,315750
14331,8,5,Gd,TA,PConc,Ex,TA,GasA,Ex,True,3,1,Gd,7,Typ,3,Y,,,0,312500
8846,5,5,Gd,TA,PConc,Gd,TA,GasA,Ex,True,2,1,TA,5,Typ,2,Y,,,0,148000
7390,5,7,TA,TA,CBlock,TA,TA,GasA,TA,True,3,1,TA,6,Typ,1,Y,,,0,135000
6951,5,5,TA,TA,CBlock,TA,TA,GasA,TA,True,3,1,TA,5,Typ,1,Y,MnPrv,,0,119500
10846,8,5,Gd,TA,PConc,Gd,TA,GasA,Ex,True,1,1,Gd,6,Typ,2,Y,,,0,324000
8910,6,6,TA,TA,CBlock,TA,TA,GasA,Ex,True,3,1,TA,6,Typ,2,Y,,,0,159500
8930,6,5,TA,TA,Slab,,,GasA,TA,True,4,2,TA,8,Typ,2,Y,,,0,112000
7800,5,5,TA,TA,CBlock,TA,TA,GasA,TA,True,2,1,TA,5,Typ,1,Y,,,0,115000
11500,4,3,TA,Gd,Slab,,,GasA,Ex,False,3,1,TA,5,Typ,1,N,,,0,84000
3922,7,5,Gd,TA,PConc,Ex,TA,GasA,Ex,True,2,1,Gd,6,Typ,3,Y,,,0,172500
7590,5,5,TA,TA,CBlock,TA,TA,GasA,TA,True,4,1,TA,8,Typ,1,Y,,,0,169500
3182,8,5,Gd,TA,PConc,Gd,TA,GasA,Ex,True,2,1,Gd,6,Typ,2,Y,,,0,192000
16669,8,6,Gd,TA,CBlock,Gd,TA,GasA,TA,True,2,1,TA,6,Typ,2,Y,,,0,228000
11475,5,5,TA,TA,CBlock,TA,TA,GasA,TA,True,4,2,TA,9,Typ,3,Y,,,0,110000
7540,6,6,TA,TA,CBlock,Gd,TA,GasA,Ex,True,2,1,TA,5,Typ,2,Y,MnPrv,,0,156000
11606,5,5,TA,TA,PConc,Gd,TA,GasA,TA,True,5,1,Fa,9,Typ,2,Y,,,0,135000
9591,8,5,Gd,TA,PConc,Ex,TA,GasA,Ex,True,3,1,Ex,7,Typ,3,Y,,,0,274900
9375,7,5,TA,TA,PConc,Gd,TA,GasA,Ex,True,3,1,Gd,8,Typ,2,Y,GdPrv,,0,219500
8450,7,5,Gd,TA,PConc,Gd,TA,GasA,Ex,True,3,1,Gd,8,Typ,2,Y,,,0,210000
12919,9,5,Ex,TA,PConc,Ex,TA,GasA,Ex,True,2,1,Ex,11,Typ,3,Y,,,0,611657
8400,5,8,TA,TA,PConc,TA,TA,GasA,Ex,True,4,1,Gd,8,Typ,1,Y,,,0,179500
9790,6,5,TA,TA,CBlock,TA,TA,GasA,TA,True,3,1,TA,7,Typ,2,Y,,,0,161500
25419,8,4,Gd,Gd,PConc,TA,TA,GasA,Gd,True,4,1,Gd,8,Typ,2,Y,GdPrv,,0,235000
11584,7,6,TA,TA,CBlock,TA,TA,GasA,TA,True,3,1,TA,6,Typ,2,Y,,,0,197000
10624,5,4,TA,TA,CBlock,TA,TA,GasA,TA,True,6,2,TA,10,Typ,1,Y,,,0,119000
13600,7,6,TA,TA,CBlock,TA,TA,GasA,TA,True,3,1,TA,7,Typ,2,Y,,,0,205000
13650,5,5,Gd,Gd,CBlock,TA,TA,GasA,Ex,True,4,1,Gd,8,Typ,2,Y,,,0,172500
10603,6,7,TA,TA,PConc,TA,TA,GasA,Gd,True,3,1,Gd,6,Typ,2,Y,,,0,205000
11851,7,5,TA,TA,PConc,Gd,TA,GasA,Ex,True,3,1,TA,5,Typ,2,Y,,,0,180500
5400,6,7,TA,Gd,BrkTil,TA,TA,GasA,Gd,True,3,1,Gd,5,Typ,1,Y,,,0,152000
1680,5,5,TA,TA,CBlock,TA,TA,GasA,TA,True,3,1,TA,6,Typ,1,Y,,,0,112000
7630,5,9,TA,Gd,BrkTil,Gd,TA,GasA,Gd,True,4,2,Gd,8,Typ,2,N,MnPrv,,0,140000
3982,8,5,Gd,TA,PConc,Gd,Gd,GasA,Ex,True,1,1,Ex,7,Typ,3,Y,,,0,264561
10410,3,4,TA,TA,PConc,TA,TA,GasA,TA,True,3,1,TA,6,Typ,3,Y,MnPrv,,0,105000
12182,7,5,Gd,TA,PConc,Gd,TA,GasA,Ex,True,3,1,Gd,7,Typ,2,Y,,,0,220000
3010,7,5,Gd,TA,PConc,Gd,TA,GasA,Ex,True,2,1,Gd,5,Typ,2,Y,,,0,167240
3182,7,5,Gd,TA,PConc,Gd,TA,GasA,Ex,True,1,1,Gd,7,Typ,2,Y,,,0,181000
7875,5,6,TA,TA,CBlock,TA,TA,GasA,Gd,True,3,1,TA,6,Typ,2,Y,GdWo,,0,139950
10400,7,5,TA,TA,CBlock,Gd,TA,GasA,Gd,True,3,1,TA,6,Typ,2,Y,,,0,241500
11625,5,4,TA,TA,PConc,TA,TA,GasA,Ex,True,3,1,TA,6,Typ,2,Y,,,0,131500
8121,6,5,TA,TA,PConc,Gd,TA,GasA,Ex,True,3,1,TA,7,Typ,2,Y,,,0,172400
9819,5,5,TA,Gd,CBlock,TA,TA,GasA,TA,True,3,1,TA,5,Typ,1,Y,MnPrv,,0,122000
7415,6,5,TA,TA,PConc,TA,TA,GasA,Ex,True,3,1,TA,8,Typ,2,Y,,,0,193000
9084,7,5,TA,TA,PConc,Gd,TA,GasA,Gd,True,3,1,TA,8,Typ,2,Y,,,0,176500
9503,5,5,TA,TA,CBlock,TA,TA,GasA,TA,True,2,1,TA,6,Min1,1,Y,GdWo,,0,144000
17217,5,5,TA,TA,PConc,Gd,TA,GasA,Ex,True,3,1,TA,6,Typ,0,Y,,,0,84500
7406,7,5,Gd,TA,PConc,Gd,TA,GasA,Ex,True,2,1,Gd,6,Typ,2,Y,,,0,194000
9675,7,5,Gd,TA,PConc,Gd,TA,GasA,Ex,True,3,1,Gd,8,Typ,2,Y,,,0,253000
11767,5,6,TA,TA,CBlock,TA,TA,GasA,Ex,True,3,1,TA,6,Typ,1,Y,,,0,130500
11250,7,5,Gd,TA,PConc,Gd,TA,GasA,Ex,True,3,1,Gd,6,Typ,2,Y,,,0,223500
6371,7,5,Gd,TA,PConc,Gd,TA,GasA,Ex,True,2,1,Gd,6,Typ,2,Y,,,0,224000
9300,5,5,TA,TA,CBlock,TA,TA,GasA,TA,True,3,1,TA,6,Typ,2,Y,,,0,167500
10800,4,6,TA,TA,BrkTil,TA,TA,GasA,TA,True,4,1,TA,5,Typ,1,Y,,,0,64500
7050,7,5,Gd,TA,PConc,Gd,TA,GasA,Ex,True,3,1,Gd,7,Typ,2,Y,,,0,226000
14442,6,7,TA,TA,PConc,TA,TA,GasA,Ex,True,3,1,Gd,7,Typ,2,Y,,,0,257500
11302,8,5,Gd,TA,PConc,Gd,TA,GasA,Ex,True,3,1,Gd,7,Typ,3,Y,,,0,319000
6820,8,5,Gd,TA,PConc,Gd,TA,GasA,TA,True,1,1,Gd,4,Typ,2,Y,,,0,212000
3604,7,5,Gd,TA,PConc,Gd,TA,GasA,Ex,True,2,1,Gd,5,Typ,2,Y,,,0,146000
17755,5,4,TA,TA,CBlock,TA,TA,GasA,TA,True,3,1,Fa,6,Typ,2,Y,,,0,149900
11198,9,5,Gd,TA,PConc,Gd,Gd,GasA,Ex,True,4,1,Ex,11,Typ,3,Y,,,0,325000
11250,6,6,Gd,TA,CBlock,Gd,TA,GasA,TA,True,3,1,TA,6,Typ,2,Y,,,0,165000
9873,4,5,TA,TA,CBlock,TA,TA,GasW,TA,False,3,1,TA,6,Typ,2,Y,,,0,129000
4118,4,4,TA,TA,CBlock,TA,TA,Grav,Fa,False,2,1,Fa,4,Typ,0,N,,,0,52500
3675,6,5,TA,TA,PConc,Gd,TA,GasA,Gd,True,2,1,TA,5,Typ,2,Y,,,0,140000
11075,5,4,TA,TA,CBlock,TA,TA,GasA,Ex,True,4,1,TA,7,Min2,2,Y,MnPrv,Shed,400,172000
11426,7,5,TA,TA,PConc,Gd,TA,GasA,Ex,True,3,1,Gd,6,Mod,2,N,,,0,200000
2544,7,5,Gd,TA,PConc,Gd,TA,GasA,Ex,True,2,1,Gd,4,Typ,2,Y,,,0,147400
3951,6,5,Gd,TA,PConc,Gd,TA,GasA,Ex,True,2,1,Gd,4,Typ,2,Y,,,0,164500
8767,7,5,Gd,TA,PConc,Gd,TA,GasA,Ex,True,3,1,Gd,6,Typ,2,Y,,,0,164990
10500,4,6,TA,TA,CBlock,TA,TA,GasA,Gd,True,2,1,TA,4,Typ,2,Y,,,0,97000
4928,6,6,TA,TA,CBlock,Gd,TA,GasA,TA,True,2,1,TA,5,Typ,2,Y,,,0,143750
3964,6,4,TA,TA,CBlock,Gd,TA,GasA,Gd,True,5,1,TA,10,Maj1,2,Y,GdPrv,,0,151400
16770,7,5,Gd,TA,PConc,Gd,TA,GasA,Gd,True,4,1,TA,7,Typ,2,Y,,,0,221000
45600,6,8,TA,TA,BrkTil,TA,TA,GasA,TA,True,5,1,TA,10,Typ,2,Y,,,0,240000
7301,7,5,Gd,TA,Slab,,,GasA,Ex,True,4,1,Gd,7,Typ,2,Y,,,0,198500
9612,8,5,Gd,TA,PConc,Gd,TA,GasA,Ex,True,3,1,Gd,6,Typ,3,Y,,,0,244600
7917,6,7,TA,Gd,CBlock,TA,Gd,GasA,TA,True,3,1,TA,6,Typ,1,Y,GdPrv,,0,148000
25286,4,5,TA,TA,PConc,TA,TA,GasA,Gd,True,3,1,TA,5,Typ,2,Y,,,0,132250
6600,5,9,Gd,Gd,CBlock,TA,TA,GasA,Ex,True,3,1,Gd,5,Typ,1,Y,MnPrv,,0,130500
10500,4,5,TA,TA,CBlock,TA,TA,GasA,TA,True,3,1,TA,5,Typ,0,Y,,,0,115000
8520,6,7,TA,Gd,BrkTil,TA,TA,GasW,TA,False,5,1,Gd,10,Typ,1,Y,GdWo,,0,136000
9240,8,5,Gd,TA,PConc,Gd,TA,GasA,Ex,True,3,1,Gd,7,Typ,2,Y,,,0,287000
3600,6,7,TA,TA,CBlock,TA,TA,GasA,Ex,False,3,1,TA,7,Typ,1,N,,,0,114504
3000,6,5,Gd,TA,PConc,Gd,TA,GasA,Ex,True,2,1,Gd,4,Typ,2,Y,,,0,173733
2289,6,6,TA,TA,CBlock,TA,TA,GasA,TA,True,3,1,TA,7,Typ,2,Y,,,0,148500
11500,5,6,TA,TA,CBlock,TA,TA,GasA,Fa,True,4,2,TA,8,Typ,2,Y,,,0,136905
14112,5,7,TA,TA,PConc,TA,TA,GasA,TA,True,3,1,TA,6,Typ,2,Y,,,0,180500
8393,5,5,TA,TA,CBlock,TA,TA,GasA,Ex,True,4,2,TA,8,Typ,2,Y,,,0,145000
7875,7,5,TA,TA,PConc,Gd,Gd,GasA,Gd,True,3,1,TA,6,Typ,2,Y,,,0,176000
9600,6,6,TA,TA,CBlock,TA,TA,GasA,Gd,True,3,1,TA,6,Min1,1,Y,MnPrv,,0,139000
4435,6,5,Gd,TA,PConc,Gd,TA,GasA,Ex,True,1,1,Gd,3,Typ,2,Y,,,0,131500
8850,7,6,TA,TA,BrkTil,TA,TA,GasA,Ex,True,3,1,TA,7,Typ,1,Y,,,0,144000
14977,8,5,Gd,TA,PConc,Ex,TA,GasA,Ex,True,2,1,Gd,7,Typ,3,Y,,,0,440000
3180,7,5,Gd,TA,PConc,Gd,TA,GasA,Ex,True,2,1,Gd,4,Typ,2,Y,,,0,144152
9600,7,9,TA,Ex,BrkTil,TA,TA,GasA,Ex,True,3,1,Gd,7,Typ,2,N,,,0,161000
13688,9,5,Gd,TA,PConc,Ex,TA,GasA,Ex,True,3,1,Ex,10,Typ,3,Y,,,0,412500
7711,4,3,TA,TA,PConc,Gd,TA,GasA,TA,True,4,2,TA,8,Typ,0,N,,,0,150000
8199,7,5,Gd,TA,PConc,Gd,TA,GasA,Ex,True,3,1,Gd,7,Typ,2,Y,,,0,189000
10400,7,6,TA,TA,PConc,TA,TA,GasA,Gd,True,3,1,TA,7,Typ,2,Y,MnPrv,,0,174000
9735,5,5,TA,TA,PConc,Gd,TA,GasA,Gd,True,3,1,Gd,7,Typ,2,Y,,,0,167500
3842,8,5,Gd,TA,PConc,Ex,TA,GasA,Ex,True,2,1,Gd,5,Typ,2,Y,,,0,275000
13284,5,5,TA,TA,PConc,Gd,TA,GasA,TA,True,3,1,TA,6,Typ,1,Y,GdPrv,,0,165000
25095,5,8,TA,TA,CBlock,TA,TA,GasA,Ex,True,1,1,Ex,5,Typ,1,Y,,,0,143000
10496,6,6,TA,TA,CBlock,TA,TA,GasA,Ex,True,3,1,TA,7,Typ,1,Y,GdWo,,0,143000
12227,6,7,TA,Gd,CBlock,Gd,Gd,GasA,TA,True,4,1,TA,11,Typ,2,Y,,,0,272000
11616,6,5,TA,TA,CBlock,TA,TA,GasA,TA,True,3,1,TA,6,Typ,2,Y,GdPrv,,0,158900
4750,8,5,Gd,TA,PConc,Gd,TA,GasA,Ex,True,2,1,Gd,5,Typ,2,Y,,,0,235000
11394,9,2,Gd,TA,PConc,Ex,TA,GasA,Ex,True,1,1,Ex,8,Typ,3,Y,,,0,394432
8885,5,5,TA,TA,CBlock,Gd,TA,GasA,TA,True,2,1,TA,5,Typ,2,Y,MnPrv,,0,131000
12589,6,5,Gd,TA,PConc,Gd,TA,GasA,Ex,True,3,1,Gd,8,Typ,2,Y,,,0,174000
4500,6,5,TA,TA,PConc,Ex,TA,GasA,Ex,True,2,1,TA,5,Typ,2,Y,,,0,165000
7407,6,7,TA,TA,CBlock,TA,TA,GasA,TA,True,2,1,TA,6,Typ,2,Y,MnPrv,,0,149700
6853,8,5,Gd,TA,PConc,Ex,TA,GasA,Ex,True,2,1,Gd,6,Typ,2,Y,,,0,220000
7862,6,5,Gd,TA,PConc,Gd,TA,GasA,Ex,True,2,1,Gd,4,Typ,2,Y,,,0,208300
8125,6,5,TA,TA,PConc,Gd,TA,GasA,Gd,True,3,1,TA,6,Typ,2,Y,,,0,174000
10920,6,5,TA,TA,CBlock,TA,TA,GasA,TA,True,2,1,TA,5,Typ,1,Y,GdWo,,0,157000
7259,6,8,TA,TA,CBlock,TA,TA,GasA,Ex,True,3,1,Gd,9,Typ,1,Y,MnPrv,,0,259500
8777,5,7,TA,TA,CBlock,Fa,TA,GasA,Gd,True,2,1,TA,4,Typ,0,P,MnPrv,,0,85000
10356,5,6,TA,TA,CBlock,TA,TA,GasA,TA,True,3,1,TA,5,Typ,2,Y,MnPrv,,0,122000
5350,3,2,TA,Po,CBlock,TA,TA,GasA,Ex,True,3,1,Fa,6,Mod,0,Y,GdWo,Shed,450,76500
16321,5,6,TA,TA,CBlock,TA,TA,GasA,TA,True,2,1,TA,6,Typ,1,Y,,,0,207500
11404,7,5,Gd,TA,PConc,Gd,TA,GasA,Ex,True,3,1,Gd,8,Typ,2,Y,,,0,222500
8530,7,5,TA,TA,PConc,Gd,TA,GasA,Gd,True,3,1,TA,7,Typ,2,Y,,Shed,700,168500
8800,5,7,TA,TA,CBlock,Gd,TA,GasA,TA,True,3,1,Gd,5,Typ,2,Y,,,0,150500
14375,6,6,TA,TA,CBlock,TA,TA,GasA,Gd,True,3,1,Gd,7,Typ,2,Y,,,0,137500
8400,4,4,Fa,Fa,CBlock,TA,Fa,GasA,Gd,True,2,1,TA,4,Typ,1,N,,,0,82000
15578,6,5,Gd,TA,PConc,Gd,TA,GasA,Gd,True,3,1,TA,8,Typ,2,Y,,,0,172785
16492,6,6,Gd,TA,CBlock,TA,TA,GasA,Ex,True,2,1,Gd,6,Mod,2,Y,,,0,190000
11218,6,5,Gd,TA,PConc,Gd,TA,GasA,Ex,True,3,1,Gd,8,Typ,2,Y,GdPrv,Shed,400,189000
6627,3,6,TA,TA,CBlock,,,Floor,TA,False,2,1,TA,4,Typ,1,Y,,,0,72500
12474,10,5,Ex,TA,PConc,Ex,TA,GasA,Ex,True,3,1,Ex,9,Typ,3,Y,,,0,426000
9571,5,6,TA,TA,CBlock,TA,TA,GasA,TA,True,3,1,TA,6,Typ,1,Y,,,0,129000
7200,7,6,TA,Fa,BrkTil,Gd,TA,GasA,TA,True,3,1,TA,6,Typ,1,P,MnPrv,,0,149000
8480,5,5,TA,TA,CBlock,TA,TA,GasA,TA,True,2,1,TA,6,Typ,1,Y,,,0,118500
16659,7,7,TA,TA,CBlock,TA,TA,GasA,Fa,True,3,1,Gd,9,Typ,2,Y,,,0,235000
5687,5,6,TA,Fa,PConc,TA,Fa,GasA,Ex,False,6,1,Fa,9,Typ,0,N,,,0,135900
8190,4,6,TA,TA,CBlock,TA,TA,GasA,Ex,True,3,1,TA,5,Typ,1,Y,,,0,119000
7227,6,6,TA,TA,CBlock,TA,TA,GasA,Gd,True,2,1,Gd,4,Typ,2,Y,,,0,105500
6970,4,5,TA,TA,CBlock,TA,TA,GasA,TA,True,3,1,Fa,5,Typ,2,Y,,Shed,400,129000
4712,4,7,TA,TA,CBlock,TA,TA,GasA,TA,True,3,1,TA,5,Typ,1,Y,MnPrv,,0,121600
8700,5,6,TA,Gd,CBlock,TA,TA,GasA,Gd,True,3,1,TA,6,Typ,2,Y,MnPrv,,0,155000
4435,6,5,Gd,TA,PConc,Gd,TA,GasA,Ex,True,1,1,Gd,4,Typ,2,Y,,,0,140000
9947,7,5,TA,TA,PConc,Gd,TA,GasA,Ex,True,3,1,Gd,6,Typ,2,Y,GdPrv,,0,173000
8480,5,6,TA,TA,CBlock,TA,TA,GasA,TA,True,2,1,TA,5,Typ,2,Y,,,0,132500
9950,7,5,Gd,TA,PConc,Gd,TA,GasA,Ex,True,4,1,Gd,9,Typ,3,Y,,,0,290000
3182,7,5,Gd,TA,PConc,Gd,TA,GasA,Ex,True,2,1,Gd,7,Typ,2,Y,,,0,192500
4608,4,6,TA,Gd,CBlock,TA,TA,GasA,TA,True,2,1,TA,4,Typ,1,Y,,,0,80000
2522,7,5,Gd,TA,PConc,Gd,TA,GasA,Ex,True,3,1,Gd,7,Maj1,2,Y,,,0,130000
4251,7,5,Gd,TA,PConc,Gd,TA,GasA,Ex,True,2,1,Gd,5,Typ,2,Y,,,0,164700
5400,5,7,TA,Gd,CBlock,TA,TA,GasA,Ex,True,2,1,Gd,4,Typ,1,Y,MnPrv,,0,117000
8172,5,7,TA,TA,CBlock,TA,TA,GasA,TA,True,2,1,TA,5,Typ,2,N,,,0,115000
12134,8,7,Gd,TA,Wood,Gd,TA,GasA,Gd,True,4,1,TA,8,Typ,2,Y,,,0,164000
9400,6,5,TA,TA,CBlock,TA,TA,GasA,TA,True,4,2,TA,8,Typ,0,Y,,,0,139000
4282,7,5,Gd,TA,PConc,Gd,TA,GasA,Ex,True,2,1,Gd,5,Typ,2,Y,,,0,196000
10570,8,8,Gd,TA,CBlock,Gd,Gd,GasA,TA,True,3,1,Gd,10,Maj1,2,Y,,,0,315000
7446,4,5,TA,TA,CBlock,TA,TA,GasA,TA,True,2,1,TA,4,Typ,0,Y,GdWo,,0,100000
11200,5,5,TA,TA,CBlock,TA,TA,GasA,Ex,True,3,1,TA,5,Typ,1,Y,,,0,129500
6240,5,6,TA,TA,BrkTil,TA,TA,GasA,Ex,True,3,1,TA,8,Typ,1,Y,,,0,149000
6897,5,8,TA,Gd,CBlock,TA,TA,GasA,Ex,True,3,1,TA,6,Typ,1,Y,,,0,127000
8926,4,3,TA,TA,CBlock,TA,TA,GasA,Ex,True,3,1,TA,5,Typ,1,Y,MnPrv,,0,112000
6000,5,6,TA,TA,CBlock,TA,TA,GasA,Gd,True,3,1,TA,5,Typ,1,Y,,,0,112500
9790,6,5,TA,TA,CBlock,TA,TA,GasA,TA,True,3,1,TA,6,Typ,2,Y,,,0,143000
8877,4,5,TA,TA,CBlock,Fa,Fa,GasA,TA,True,2,1,TA,6,Typ,2,Y,,,0,102000
3684,7,5,Gd,TA,PConc,Gd,TA,GasA,Ex,True,2,1,Gd,7,Typ,3,Y,,,0,174000
21384,5,6,TA,TA,CBlock,TA,TA,GasA,Ex,True,3,1,Gd,6,Typ,2,Y,,,0,223500
16059,8,5,Gd,TA,CBlock,Gd,TA,GasA,Ex,True,4,1,Gd,9,Typ,2,Y,,,0,260000
6300,6,6,TA,TA,CBlock,TA,TA,GasA,Ex,True,3,1,TA,9,Typ,0,Y,,,0,128000
13214,9,5,Ex,TA,PConc,Ex,TA,GasA,Ex,True,3,1,Ex,10,Typ,3,Y,,,0,378500
6171,6,6,TA,TA,BrkTil,TA,TA,GasA,Ex,True,3,1,Gd,7,Typ,1,Y,MnPrv,,0,137450
7000,5,8,Gd,Gd,CBlock,TA,TA,GasA,Ex,True,3,1,TA,6,Typ,1,Y,GdWo,,0,136500
7100,5,7,TA,TA,CBlock,TA,TA,GasA,TA,True,2,1,TA,5,Typ,1,Y,,,0,129900
14774,9,5,Gd,TA,PConc,Gd,TA,GasA,Ex,True,4,1,Gd,10,Typ,3,Y,,,0,333168
17140,4,6,TA,TA,CBlock,TA,TA,GasA,Ex,True,3,1,TA,6,Typ,1,Y,,,0,135000
20896,8,5,Gd,TA,PConc,Ex,TA,GasA,Ex,True,1,1,Ex,8,Typ,3,Y,,,0,423000
1890,4,7,TA,Gd,CBlock,Gd,TA,GasA,Gd,True,1,1,TA,3,Typ,0,Y,,,0,81000
8487,7,5,Gd,TA,PConc,Gd,TA,GasA,Ex,True,3,1,Gd,6,Typ,2,Y,,,0,190000
7052,7,5,Gd,TA,PConc,Gd,TA,GasA,Ex,True,2,1,Gd,6,Typ,2,Y,,,0,185850
6000,4,4,TA,TA,PConc,TA,TA,GasA,Gd,True,2,1,Fa,5,Typ,1,Y,,,0,108500
8125,7,6,Gd,TA,PConc,Gd,TA,GasA,Ex,True,3,1,Gd,7,Typ,2,Y,,,0,205950
6130,5,6,TA,TA,BrkTil,TA,TA,GasA,Gd,True,2,1,Gd,5,Typ,0,Y,,,0,109500
19690,6,7,Gd,Gd,CBlock,Gd,TA,GasA,TA,True,4,1,Gd,8,Typ,2,Y,GdPrv,,0,274970
8072,5,5,TA,Gd,PConc,Gd,Gd,GasA,Ex,True,3,1,TA,5,Typ,2,Y,,,0,138000
5600,4,5,Fa,Fa,Slab,,,GasA,Fa,False,3,2,Fa,7,Mod,0,N,,Othr,3500,55000
4500,6,5,TA,TA,PConc,Ex,TA,GasA,Ex,True,2,1,TA,5,Typ,2,Y,,,0,164000
9000,5,6,TA,TA,BrkTil,Fa,Fa,GasA,TA,True,3,1,Ex,8,Typ,1,N,MnPrv,,0,124000
10625,7,5,Gd,TA,PConc,Gd,TA,GasA,Ex,True,3,1,Gd,9,Typ,3,Y,,,0,250000
12011,8,5,Gd,TA,PConc,Gd,TA,GasA,Ex,True,3,1,Gd,7,Typ,2,Y,,,0,280000
7128,7,5,TA,Gd,CBlock,TA,TA,GasA,Gd,True,4,1,TA,7,Typ,1,Y,MnPrv,,0,164000
7200,7,9,Gd,Gd,PConc,Gd,Gd,GasA,Ex,True,3,1,Gd,6,Typ,2,Y,MnPrv,,0,155000
12493,4,5,TA,TA,PConc,TA,TA,GasA,TA,True,3,1,TA,6,Typ,1,Y,GdWo,,0,141000
9505,7,5,Gd,TA,PConc,Gd,TA,GasA,Ex,True,3,1,Gd,8,Typ,2,Y,,,0,222500
9187,6,5,TA,Gd,PConc,TA,TA,GasA,TA,True,3,1,TA,5,Typ,2,Y,,,0,134000
7596,5,5,TA,TA,CBlock,TA,TA,GasA,Gd,True,4,2,TA,10,Typ,2,N,,,0,124500
9600,4,7,TA,TA,CBlock,Gd,TA,GasA,TA,True,2,1,Gd,4,Min2,2,Y,,,0,128000
7851,6,5,Gd,TA,PConc,Gd,TA,GasA,Ex,True,4,1,Gd,8,Typ,2,Y,,,0,216500
10784,7,5,Gd,TA,PConc,Gd,TA,GasA,Gd,True,3,1,Gd,7,Typ,2,Y,,,0,160000
10852,6,5,TA,TA,PConc,Gd,TA,GasA,Ex,True,3,1,TA,7,Typ,2,Y,,,0,173000
4017,7,5,Gd,TA,PConc,Gd,TA,GasA,Ex,True,2,1,Gd,5,Typ,2,Y,,,0,171900
10635,8,5,Gd,TA,PConc,Gd,TA,GasA,Ex,True,3,1,Gd,8,Typ,2,Y,,,0,232000
8339,5,7,TA,TA,Slab,,,GasA,TA,True,3,1,TA,5,Typ,1,Y,MnPrv,Shed,1200,106500
13125,7,5,Gd,TA,PConc,Ex,TA,GasA,Ex,True,4,1,Gd,8,Typ,3,Y,GdPrv,,0,238000
9100,6,6,TA,TA,CBlock,TA,TA,GasA,Ex,True,2,1,TA,5,Typ,1,Y,,Shed,450,127500
7472,7,9,TA,TA,CBlock,TA,TA,GasA,Gd,True,4,1,Gd,7,Typ,2,Y,,,0,184000
159000,6,7,Gd,TA,CBlock,Gd,TA,GasA,Gd,True,4,1,Gd,7,Typ,2,Y,,Shed,500,277000
8849,9,5,Ex,TA,PConc,Ex,TA,GasA,Ex,True,2,1,Ex,6,Typ,2,Y,,,0,266000
10475,8,5,Gd,TA,PConc,Gd,TA,GasA,Ex,True,3,1,Gd,7,Typ,3,Y,,,0,245350
7892,6,5,TA,TA,CBlock,Gd,TA,GasA,TA,True,2,1,TA,5,Typ,1,Y,,,0,99500
10400,7,5,TA,TA,PConc,Gd,TA,GasA,Ex,True,3,1,Gd,6,Typ,2,Y,,,0,197900
8462,6,5,Gd,Gd,PConc,Gd,Gd,GasA,Ex,True,3,1,Gd,7,Typ,2,Y,,,0,201000
35760,10,5,Gd,Gd,PConc,Ex,TA,GasA,Ex,True,4,1,Gd,10,Typ,3,Y,,,0,625000
13159,7,5,TA,TA,PConc,Ex,TA,GasA,Gd,True,3,1,Gd,6,Typ,2,Y,,,0,224500
9900,7,5,Gd,TA,PConc,Gd,TA,GasA,Ex,True,4,1,Gd,9,Typ,3,Y,,,0,260000
7175,6,5,TA,TA,CBlock,Gd,TA,GasA,TA,True,2,1,TA,4,Typ,1,Y,MnPrv,,0,125000
8963,8,9,Ex,Gd,CBlock,TA,Gd,GasA,Ex,True,4,1,Gd,11,Typ,2,Y,,,0,299800
9554,8,5,Gd,TA,PConc,Gd,TA,GasA,Ex,True,3,1,Gd,8,Typ,2,Y,,,0,215000
11700,6,6,TA,TA,CBlock,TA,TA,GasA,Gd,True,3,1,TA,7,Typ,2,Y,,,0,179900
13560,6,3,TA,TA,CBlock,Fa,Fa,GasA,Gd,True,2,1,TA,5,Maj2,2,Y,,,0,110000
13526,5,6,TA,TA,CBlock,TA,TA,GasA,TA,True,3,1,TA,5,Typ,1,Y,MnPrv,,0,137000
6563,8,5,Gd,TA,PConc,Gd,TA,GasA,TA,True,2,1,Gd,5,Typ,2,Y,,,0,275000
9248,6,6,TA,TA,PConc,Gd,TA,GasA,Gd,True,3,1,Gd,6,Typ,2,Y,,,0,173000
7990,5,6,TA,TA,CBlock,Gd,TA,GasA,TA,True,3,1,TA,5,Typ,1,Y,MnPrv,,0,110000
5330,8,5,Gd,TA,PConc,Gd,TA,GasA,Ex,True,2,1,Ex,6,Typ,2,Y,,,0,251000
3636,4,4,TA,TA,BrkTil,TA,Fa,GasA,Fa,False,2,1,TA,5,Typ,0,N,MnPrv,,0,55000
7200,5,7,TA,TA,CBlock,TA,TA,GasA,TA,True,3,1,Gd,5,Typ,2,Y,,,0,134800
7064,5,6,TA,TA,CBlock,TA,TA,GasA,TA,True,3,1,TA,6,Typ,2,Y,,,0,135000
11120,6,6,TA,TA,PConc,Gd,TA,GasA,TA,True,3,1,TA,6,Typ,2,Y,,,0,162500
7750,7,5,Gd,TA,PConc,Gd,TA,GasA,Ex,True,3,1,Gd,6,Typ,2,Y,,,0,162000
9600,6,8,TA,Gd,CBlock,TA,TA,GasA,Ex,True,3,1,TA,6,Min2,1,Y,MnPrv,,0,140000
11040,4,6,TA,TA,CBlock,TA,TA,GasA,Gd,True,3,1,TA,7,Typ,1,Y,,,0,108000
11999,8,5,Gd,TA,PConc,Gd,TA,GasA,Ex,True,4,1,Ex,10,Typ,3,Y,,,0,285000
6979,6,5,TA,TA,CBlock,TA,TA,GasA,Gd,True,0,2,TA,4,Typ,2,Y,GdPrv,Shed,600,144000
8877,4,6,TA,TA,CBlock,TA,TA,GasA,Ex,True,2,1,TA,3,Typ,1,Y,,,0,100000
7200,5,7,TA,TA,CBlock,,,GasA,TA,True,2,1,TA,5,Typ,2,Y,,,0,109500
8520,6,8,TA,Gd,BrkTil,TA,TA,GasA,Gd,True,2,1,TA,5,Typ,2,Y,,,0,105900
9060,5,6,TA,TA,PConc,,,GasA,Ex,True,3,1,TA,7,Typ,1,Y,MnPrv,,0,120000
13350,5,5,TA,TA,CBlock,TA,TA,GasA,TA,True,3,1,TA,5,Typ,2,Y,MnPrv,,0,142500
10421,7,5,TA,TA,CBlock,Gd,TA,GasA,TA,True,3,1,TA,7,Typ,2,Y,MnPrv,Shed,500,196500
13518,9,5,Ex,TA,PConc,Ex,TA,GasA,Ex,True,4,1,Ex,11,Typ,3,Y,,,0,485000
9196,7,5,Gd,TA,PConc,Ex,TA,GasA,Ex,True,3,1,Gd,7,Typ,2,Y,,,0,201000
10420,6,5,TA,TA,PConc,Gd,TA,GasA,Ex,True,3,1,Gd,6,Typ,2,Y,,,0,186000
12665,8,5,Gd,TA,PConc,Gd,Gd,GasA,Ex,True,4,1,Gd,9,Typ,3,Y,,,0,281213
6960,4,6,TA,TA,CBlock,TA,TA,GasA,TA,True,3,1,Gd,5,Typ,2,Y,,Shed,500,120500
10226,8,5,Gd,TA,PConc,Ex,TA,GasA,Ex,True,3,1,Ex,8,Typ,3,Y,,,0,295493
9340,4,6,TA,TA,CBlock,TA,TA,GasA,TA,True,2,1,TA,4,Typ,1,N,,,0,113000
12822,7,5,Gd,TA,PConc,Ex,TA,GasA,Ex,True,1,1,Gd,6,Typ,2,Y,,,0,239686
8925,8,5,Gd,TA,PConc,Gd,TA,GasA,Ex,True,3,1,Gd,7,Typ,3,Y,,,0,201000
9600,7,5,TA,TA,CBlock,TA,TA,GasA,TA,True,3,1,TA,6,Typ,2,Y,,,0,140000
11900,6,5,TA,TA,CBlock,TA,TA,GasA,TA,True,3,1,TA,6,Typ,2,Y,,,0,166000
8472,5,5,Fa,TA,CBlock,Gd,TA,GasA,TA,False,2,1,TA,5,Typ,2,Y,,,0,110000
6955,7,5,Gd,TA,PConc,Gd,TA,GasA,Ex,True,2,1,Gd,6,Typ,2,Y,,,0,202500
8100,5,6,TA,TA,BrkTil,TA,TA,GasA,Gd,True,2,1,TA,5,Min2,2,Y,GdWo,,0,153500
9765,6,8,Ex,Gd,PConc,Gd,Gd,GasA,Gd,True,3,1,TA,6,Typ,2,Y,,Shed,480,185000
8760,6,6,TA,TA,CBlock,TA,TA,GasA,TA,True,3,1,TA,6,Typ,1,Y,,,0,148000
6768,6,8,TA,Gd,CBlock,TA,TA,GasA,Gd,True,3,1,Gd,5,Typ,1,Y,GdPrv,,0,142000
10335,5,6,TA,TA,CBlock,TA,TA,GasA,Gd,True,3,1,TA,7,Min1,2,Y,MnPrv,,0,180000
